"weather_date","weather_tavg","weather_tmin","weather_tmax","weather_prcp","weather_snow","weather_wdir","weather_wspd","weather_wpgt","weather_pres","weather_tsun","station"
"2016-03-01",21.1,16.7,26.7,0.0,,,8.3,,1019.9,"626.0","72202"
"2016-03-02",22.8,17.8,28.3,0.0,,,6.1,,1018.7,"647.0","72202"
"2016-03-03",23.4,20.0,27.2,0.0,,147.0,9.0,,1017.4,"500.0","72202"
"2016-03-04",24.3,21.1,29.4,0.0,,266.0,9.4,,1015.5,"606.0","72202"
"2016-03-05",22.6,18.3,25.6,0.3,,26.0,12.6,,1017.3,"615.0","72202"
"2016-03-06",22.5,18.3,27.2,0.0,,357.0,12.2,,1019.1,"676.0","72202"
"2016-03-07",21.6,18.3,25.6,0.0,,77.0,21.6,,1022.9,"659.0","72202"
"2016-03-08",23.1,21.1,26.7,0.0,,98.0,25.9,,1022.8,"562.0","72202"
"2016-03-09",23.8,22.2,27.2,0.0,,108.0,27.4,,1022.3,"614.0","72202"
"2016-03-10",24.3,22.8,28.9,0.0,,113.0,27.4,,1022.6,"659.0","72202"
"2016-03-11",24.2,22.2,27.2,0.0,,107.0,22.3,,1022.4,"669.0","72202"
"2016-03-12",24.6,22.8,27.2,0.0,,118.0,19.8,,1020.5,"674.0","72202"
"2016-03-13",24.7,22.8,29.4,0.0,,158.0,13.3,,1017.7,"549.0","72202"
"2016-03-14",25.2,21.7,30.0,0.0,,187.0,12.2,,1017.0,"656.0","72202"
"2016-03-15",25.4,21.1,31.1,0.3,,,7.9,,1016.7,"610.0","72202"
"2016-03-16",25.3,21.7,30.6,0.0,,,7.9,,1017.3,"616.0","72202"
"2016-03-17",24.9,21.1,30.6,0.0,,,7.6,,1016.5,"654.0","72202"
"2016-03-18",25.5,20.6,31.7,0.0,,,7.6,,1014.8,"651.0","72202"
"2016-03-19",26.4,23.3,31.1,0.0,,,13.0,,1012.7,"644.0","72202"
"2016-03-20",25.5,22.2,30.0,4.6,,216.0,15.5,,1012.5,"467.0","72202"
"2016-03-21",19.9,14.4,23.3,0.3,,325.0,18.0,,1019.0,"609.0","72202"
"2016-03-22",17.9,13.9,24.4,0.0,,38.0,17.6,,1024.8,"691.0","72202"
"2016-03-23",23.1,19.4,27.2,0.0,,97.0,19.4,,1022.8,"681.0","72202"
"2016-03-24",24.7,23.3,27.8,0.8,,119.0,19.1,,1018.1,"573.0","72202"
"2016-03-25",26.1,24.4,30.6,0.0,,151.0,11.5,,1015.8,"556.0","72202"
"2016-03-26",26.5,22.8,30.6,0.0,,123.0,15.5,,1018.6,"679.0","72202"
"2016-03-27",26.1,23.9,29.4,0.0,,131.0,16.9,,1019.5,"655.0","72202"
"2016-03-28",26.9,23.3,32.8,0.0,,232.0,8.3,,1018.1,"674.0","72202"
"2016-03-29",26.3,20.6,31.1,0.5,,8.0,8.3,,1017.5,"544.0","72202"
"2016-03-30",23.1,21.1,26.7,8.9,,63.0,14.8,,1017.3,"630.0","72202"
"2016-03-31",25.9,23.9,30.0,0.0,,125.0,17.6,,1015.6,"699.0","72202"
"2016-04-01",27.1,24.4,31.7,0.0,,144.0,15.8,,1014.7,"709.0","72202"
"2016-04-02",27.6,25.0,32.8,1.0,,198.0,15.1,,1013.4,"620.0","72202"
"2016-04-03",25.4,21.7,27.2,0.0,,1.0,11.9,,1015.8,"599.0","72202"
"2016-04-04",23.2,20.0,28.3,0.3,,30.0,7.6,,1017.9,"607.0","72202"
"2016-04-05",23.6,19.4,29.4,0.0,,,9.0,,1018.6,"720.0","72202"
"2016-04-06",22.9,18.3,26.1,0.0,,58.0,19.8,,1019.3,"592.0","72202"
"2016-04-07",24.6,20.6,29.4,2.5,,255.0,10.1,,1015.0,"692.0","72202"
"2016-04-08",24.2,20.0,28.9,0.0,,285.0,9.4,,1015.4,"728.0","72202"
"2016-04-09",23.2,19.4,27.2,0.0,,3.0,12.2,,1017.6,"729.0","72202"
"2016-04-10",22.3,18.3,26.7,0.0,,57.0,18.4,,1021.6,"714.0","72202"
"2016-04-11",24.2,21.7,27.8,0.0,,81.0,22.3,,1021.4,"719.0","72202"
"2016-04-12",24.2,20.0,28.9,0.0,,100.0,11.9,,1019.3,"724.0","72202"
"2016-04-13",24.8,20.6,28.9,0.0,,,10.8,,1017.4,"718.0","72202"
"2016-04-14",25.2,21.7,29.4,0.0,,130.0,9.4,,1015.1,"694.0","72202"
"2016-04-15",26.2,21.1,30.6,22.9,,140.0,12.2,,1013.6,"696.0","72202"
"2016-04-16",23.5,20.6,28.3,0.0,,50.0,14.4,,1015.2,"663.0","72202"
"2016-04-17",24.1,21.1,26.7,0.3,,55.0,19.8,,1019.5,"716.0","72202"
"2016-04-18",23.0,19.4,27.2,0.0,,36.0,14.8,,1020.8,"712.0","72202"
"2016-04-19",23.2,19.4,27.2,0.0,,44.0,15.5,,1019.5,"738.0","72202"
"2016-04-20",23.8,20.6,27.8,0.0,,81.0,18.7,,1018.0,"662.0","72202"
"2016-04-21",24.3,22.2,27.8,0.0,,102.0,23.4,,1017.7,"718.0","72202"
"2016-04-22",25.2,23.3,28.3,0.8,,128.0,18.7,,1016.9,"695.0","72202"
"2016-04-23",26.2,22.8,31.7,0.0,,253.0,11.5,,1013.8,"730.0","72202"
"2016-04-24",25.1,20.0,30.0,0.0,,23.0,16.2,,1014.6,"749.0","72202"
"2016-04-25",25.6,22.8,29.4,0.0,,97.0,18.4,,1015.5,"685.0","72202"
"2016-04-26",24.9,21.1,28.3,0.0,,116.0,14.8,,1014.3,"743.0","72202"
"2016-04-27",25.1,21.7,28.9,0.0,,114.0,14.0,,1013.6,"748.0","72202"
"2016-04-28",26.1,23.3,30.0,0.0,,121.0,13.7,,1015.1,"733.0","72202"
"2016-04-29",26.5,23.3,30.6,0.0,,115.0,11.2,,1015.3,"719.0","72202"
"2016-04-30",26.0,23.3,28.9,0.0,,98.0,19.8,,1014.7,"744.0","72202"
"2016-05-01",26.7,24.4,30.0,0.0,,102.0,19.8,,1015.9,"743.0","72202"
"2016-05-02",27.3,25.6,30.6,0.0,,114.0,21.6,,1016.1,"736.0","72202"
"2016-05-03",27.1,23.3,32.2,15.5,,153.0,14.8,,1014.1,"668.0","72202"
"2016-05-04",24.2,21.7,28.9,87.6,,221.0,9.7,,1010.1,"347.0","72202"
"2016-05-05",23.5,19.4,28.3,0.0,,303.0,15.1,,1008.7,"754.0","72202"
"2016-05-06",23.9,20.0,27.2,0.0,,304.0,11.9,,1011.3,"745.0","72202"
"2016-05-07",22.3,17.2,27.8,0.0,,,9.4,,1014.8,"766.0","72202"
"2016-05-08",23.6,18.3,27.8,0.0,,52.0,11.9,,1018.0,"767.0","72202"
"2016-05-09",24.7,21.1,28.3,0.0,,104.0,16.9,,1019.5,"762.0","72202"
"2016-05-10",26.2,23.9,29.4,0.0,,114.0,19.4,,1019.9,"747.0","72202"
"2016-05-11",26.4,23.3,30.0,0.0,,102.0,15.1,,1020.1,"738.0","72202"
"2016-05-12",26.1,22.2,30.0,0.0,,74.0,9.7,,1019.2,"756.0","72202"
"2016-05-13",26.0,22.2,30.0,0.0,,,7.9,,1017.1,"750.0","72202"
"2016-05-14",27.2,24.4,32.2,1.3,,171.0,8.6,,1015.5,"660.0","72202"
"2016-05-15",27.2,23.3,32.2,0.0,,25.0,10.4,,1016.6,"762.0","72202"
"2016-05-16",27.6,24.4,31.1,0.0,,107.0,17.6,,1018.0,"735.0","72202"
"2016-05-17",28.0,26.7,31.1,0.0,,132.0,16.9,,1017.2,"525.0","72202"
"2016-05-18",26.8,22.8,31.1,48.5,,149.0,12.6,,1015.9,"542.0","72202"
"2016-05-19",25.8,22.8,30.0,5.3,,,10.1,,1016.7,"690.0","72202"
"2016-05-20",27.8,24.4,31.7,1.5,,,8.6,,1017.6,"655.0","72202"
"2016-05-21",27.3,24.4,33.9,0.0,,201.0,7.9,,1016.4,,"72202"
"2016-05-22",27.9,24.4,33.3,0.0,,286.0,11.2,,1013.3,"766.0","72202"
"2016-05-23",27.4,24.4,30.6,0.0,,288.0,8.3,,1014.0,"710.0","72202"
"2016-05-24",27.1,22.2,30.6,48.0,,95.0,9.7,,1018.0,"621.0","72202"
"2016-05-25",26.8,25.0,30.0,0.0,,70.0,18.7,,1020.5,"772.0","72202"
"2016-05-26",26.2,22.8,29.4,2.3,,49.0,14.4,,1018.4,,"72202"
"2016-05-27",26.7,23.9,30.0,0.0,,61.0,15.8,,1014.8,,"72202"
"2016-05-28",26.6,24.4,29.4,0.0,,77.0,7.9,,1015.7,"733.0","72202"
"2016-05-29",27.5,23.9,32.2,0.0,,,8.3,,1017.2,"650.0","72202"
"2016-05-30",26.8,23.9,30.6,0.0,,60.0,7.6,,1015.5,"602.0","72202"
"2016-05-31",26.1,23.3,29.4,0.0,,47.0,7.6,,1014.2,,"72202"
"2016-06-01",27.1,22.8,31.7,4.3,,,12.6,,1015.3,"636.0","72202"
"2016-06-02",28.1,25.0,31.7,0.0,,120.0,10.8,,1016.7,,"72202"
"2016-06-03",28.7,25.6,32.2,0.0,,99.0,12.2,,1016.9,"606.0","72202"
"2016-06-04",28.6,26.1,32.2,0.0,,106.0,13.7,,1015.7,"701.0","72202"
"2016-06-05",28.7,26.7,32.2,4.3,,130.0,16.6,,1013.2,"605.0","72202"
"2016-06-06",29.4,25.0,32.8,0.0,,160.0,18.4,,1012.6,,"72202"
"2016-06-07",29.1,25.6,33.3,4.1,,206.0,19.4,,1011.3,"671.0","72202"
"2016-06-08",27.3,24.4,32.2,10.7,,214.0,13.3,,1012.7,"616.0","72202"
"2016-06-09",26.9,23.9,31.7,38.4,,199.0,11.2,,1015.5,"560.0","72202"
"2016-06-10",26.6,24.4,32.8,10.7,,,5.4,,1017.5,"475.0","72202"
"2016-06-11",27.1,23.9,33.3,16.0,,,4.7,,1019.2,"624.0","72202"
"2016-06-12",27.1,25.0,32.2,2.8,,,8.6,,1018.5,"684.0","72202"
"2016-06-13",28.2,24.4,32.8,1.5,,,6.5,,1015.6,"677.0","72202"
"2016-06-14",28.8,25.0,33.3,0.0,,151.0,10.4,,1015.6,"760.0","72202"
"2016-06-15",29.1,25.0,33.3,19.6,,,8.6,,1017.9,"758.0","72202"
"2016-06-16",29.1,26.1,33.9,0.0,,228.0,14.0,,1017.2,"772.0","72202"
"2016-06-17",28.5,25.0,33.3,2.8,,246.0,11.5,,1015.8,"623.0","72202"
"2016-06-18",28.4,23.9,35.0,12.7,,239.0,9.4,,1016.2,"705.0","72202"
"2016-06-19",26.7,23.9,31.7,15.7,,,10.8,,1018.3,"560.0","72202"
"2016-06-20",27.7,25.6,30.6,0.0,,63.0,19.8,,1019.4,"776.0","72202"
"2016-06-21",26.3,22.2,27.8,24.4,,62.0,12.2,,1018.3,"342.0","72202"
"2016-06-22",27.2,23.3,32.2,0.0,,109.0,10.1,,1018.7,"754.0","72202"
"2016-06-23",29.0,26.1,32.2,0.8,,101.0,10.8,,1019.2,,"72202"
"2016-06-24",29.3,26.1,32.2,0.3,,117.0,13.0,,1018.8,"612.0","72202"
"2016-06-25",29.6,27.2,32.8,0.0,,116.0,15.8,,1018.4,"728.0","72202"
"2016-06-26",29.4,25.6,32.8,0.5,,108.0,10.4,,1018.5,"652.0","72202"
"2016-06-27",27.8,25.6,30.6,3.3,,,5.0,,1017.1,"527.0","72202"
"2016-06-28",27.4,24.4,31.1,11.7,,,6.5,,1016.3,"682.0","72202"
"2016-06-29",28.6,25.6,32.2,0.0,,,9.0,,1016.0,,"72202"
"2016-06-30",27.8,24.4,31.7,37.1,,,7.2,,1016.5,"521.0","72202"
"2016-07-01",27.0,22.2,32.2,29.2,,,6.8,,1017.8,"385.0","72202"
"2016-07-02",27.8,25.6,32.2,0.3,,,7.6,,1019.0,"421.0","72202"
"2016-07-03",29.1,26.7,32.2,3.8,,,8.6,,1020.0,"621.0","72202"
"2016-07-04",29.9,26.1,33.3,0.3,,112.0,11.5,,1020.5,"718.0","72202"
"2016-07-05",29.7,26.1,33.3,0.0,,118.0,13.0,,1020.5,"732.0","72202"
"2016-07-06",30.1,27.8,33.3,0.0,,124.0,14.8,,1020.3,"771.0","72202"
"2016-07-07",29.9,27.8,33.3,0.0,,127.0,12.2,,1019.5,"769.0","72202"
"2016-07-08",29.7,26.7,33.3,0.0,,,6.8,,1019.0,"706.0","72202"
"2016-07-09",29.9,26.1,33.3,0.0,,,9.4,,1018.6,"743.0","72202"
"2016-07-10",29.9,27.2,33.3,0.0,,132.0,13.3,,1018.5,,"72202"
"2016-07-11",30.1,27.2,33.3,0.0,,115.0,15.1,,1018.8,"741.0","72202"
"2016-07-12",30.3,26.7,33.9,0.0,,118.0,13.0,,1018.9,,"72202"
"2016-07-13",28.7,25.0,33.3,6.9,,,6.8,,1019.6,"340.0","72202"
"2016-07-14",28.9,23.9,32.8,15.2,,97.0,13.3,,1018.7,"649.0","72202"
"2016-07-15",29.6,24.4,32.8,3.8,,108.0,13.7,,1017.8,"565.0","72202"
"2016-07-16",28.3,23.9,32.8,0.3,,98.0,13.3,,1018.4,"673.0","72202"
"2016-07-17",29.7,25.6,32.8,1.5,,92.0,19.8,,1019.8,"634.0","72202"
"2016-07-18",29.3,25.0,33.3,0.3,,78.0,21.2,,1020.6,"749.0","72202"
"2016-07-19",30.1,26.7,33.3,0.0,,76.0,19.4,,1019.3,"741.0","72202"
"2016-07-20",29.9,27.8,33.3,0.0,,84.0,18.0,,1018.7,,"72202"
"2016-07-21",28.4,24.4,31.1,20.3,,107.0,11.5,,1018.5,"335.0","72202"
"2016-07-22",28.2,24.4,32.8,1.0,,,7.6,,1018.1,"379.0","72202"
"2016-07-23",27.3,24.4,32.2,13.5,,,6.1,,1016.8,"544.0","72202"
"2016-07-24",26.9,25.0,31.1,0.0,,,6.8,,1017.5,"521.0","72202"
"2016-07-25",29.1,25.6,32.8,0.0,,112.0,11.9,,1017.7,"756.0","72202"
"2016-07-26",30.0,25.0,32.8,3.6,,112.0,15.5,,1017.8,"764.0","72202"
"2016-07-27",28.8,24.4,32.8,2.8,,83.0,14.4,,1017.8,"697.0","72202"
"2016-07-28",29.8,26.7,32.8,0.0,,109.0,15.1,,1017.5,,"72202"
"2016-07-29",29.4,26.1,32.2,1.8,,,6.1,,1017.4,"671.0","72202"
"2016-07-30",29.7,25.6,33.9,0.0,,,9.7,,1017.4,"656.0","72202"
"2016-07-31",29.4,26.7,32.8,0.0,,119.0,15.5,,1017.9,"640.0","72202"
"2016-08-01",30.2,22.8,33.3,43.7,,91.0,18.7,,1018.7,,"72202"
"2016-08-02",28.6,22.8,32.8,96.3,,96.0,14.4,,1018.0,,"72202"
"2016-08-03",27.2,23.9,32.2,0.0,,,9.0,,1016.7,"443.0","72202"
"2016-08-04",29.1,26.7,33.3,0.0,,,10.4,,1016.4,,"72202"
"2016-08-05",29.6,27.2,32.8,0.0,,133.0,12.2,,1016.5,"705.0","72202"
"2016-08-06",28.6,22.8,32.8,52.3,,,11.5,,1016.3,"378.0","72202"
"2016-08-07",27.4,23.3,32.2,3.0,,,7.2,,1015.8,,"72202"
"2016-08-08",27.0,23.3,29.4,8.1,,,7.9,,1015.6,"46.0","72202"
"2016-08-09",27.7,23.3,32.2,34.3,,123.0,9.7,,1017.1,"524.0","72202"
"2016-08-10",27.7,24.4,33.3,1.0,,,5.4,,1019.0,"633.0","72202"
"2016-08-11",28.3,25.6,31.1,0.0,,78.0,10.8,,1018.2,"630.0","72202"
"2016-08-12",28.6,25.0,32.2,2.0,,100.0,14.0,,1016.5,"700.0","72202"
"2016-08-13",29.2,23.9,32.2,2.3,,105.0,14.8,,1016.7,"739.0","72202"
"2016-08-14",28.1,23.9,32.8,1.3,,83.0,19.1,,1017.4,"591.0","72202"
"2016-08-15",29.6,26.7,33.3,1.3,,91.0,16.9,,1018.6,,"72202"
"2016-08-16",29.2,25.6,32.2,7.4,,86.0,16.2,,1019.1,,"72202"
"2016-08-17",28.2,24.4,31.7,13.2,,75.0,11.2,,1019.3,"500.0","72202"
"2016-08-18",29.3,26.1,32.8,3.8,,74.0,12.6,,1018.1,"608.0","72202"
"2016-08-19",28.8,26.1,32.2,2.3,,,6.8,,1016.9,"531.0","72202"
"2016-08-20",29.3,25.0,33.9,0.0,,,7.9,,1015.6,"724.0","72202"
"2016-08-21",30.2,26.1,34.4,0.0,,182.0,7.9,,1016.4,"623.0","72202"
"2016-08-22",30.4,26.7,33.9,0.0,,,7.9,,1018.3,"695.0","72202"
"2016-08-23",30.5,28.3,34.4,0.0,,,13.3,,1019.4,"645.0","72202"
"2016-08-24",29.6,26.7,32.2,0.0,,,11.2,,1017.2,"414.0","72202"
"2016-08-25",29.7,26.7,34.4,0.5,,,11.9,,1014.6,,"72202"
"2016-08-26",29.4,25.6,33.3,5.3,,,11.2,,1013.6,"507.0","72202"
"2016-08-27",29.1,27.2,32.8,0.0,,59.0,15.5,,1012.6,"417.0","72202"
"2016-08-28",29.4,26.1,32.2,4.3,,96.0,24.1,,1012.5,,"72202"
"2016-08-29",26.9,24.4,30.0,22.9,,120.0,13.7,,1012.9,,"72202"
"2016-08-30",26.0,23.3,30.0,25.1,,157.0,11.9,,1013.5,"205.0","72202"
"2016-08-31",27.3,23.3,30.6,19.3,,149.0,16.9,,1013.9,"225.0","72202"
"2016-09-01",28.4,24.4,31.7,0.3,,157.0,16.9,,1014.0,"581.0","72202"
"2016-09-02",29.9,27.8,33.9,0.0,,182.0,15.1,,1016.0,"574.0","72202"
"2016-09-03",28.8,25.6,32.8,0.0,,,8.3,,1017.1,"336.0","72202"
"2016-09-04",28.8,25.6,32.8,0.0,,72.0,10.4,,1017.7,"677.0","72202"
"2016-09-05",28.4,25.0,31.7,17.0,,,6.1,,1018.3,"172.0","72202"
"2016-09-06",26.9,23.3,31.7,10.2,,,6.1,,1019.2,"299.0","72202"
"2016-09-07",27.2,24.4,32.2,0.8,,,9.4,,1019.0,"395.0","72202"
"2016-09-08",28.4,26.1,31.7,2.3,,61.0,13.7,,1016.4,"373.0","72202"
"2016-09-09",28.9,26.7,32.2,0.3,,88.0,18.7,,1015.5,"584.0","72202"
"2016-09-10",28.4,24.4,32.2,4.8,,112.0,12.2,,1017.2,"468.0","72202"
"2016-09-11",27.9,24.4,31.7,7.1,,98.0,13.0,,1017.1,"461.0","72202"
"2016-09-12",28.7,26.7,32.8,0.0,,91.0,10.4,,1014.7,"265.0","72202"
"2016-09-13",28.0,25.6,31.1,0.0,,166.0,11.9,,1015.5,"455.0","72202"
"2016-09-14",28.8,26.7,31.7,0.0,,129.0,9.4,,1017.0,"571.0","72202"
"2016-09-15",28.6,24.4,32.8,0.0,,,6.5,,1016.4,"376.0","72202"
"2016-09-16",28.9,25.6,32.8,0.0,,,5.8,,1016.2,"593.0","72202"
"2016-09-17",29.3,25.6,33.3,0.0,,,7.9,,1016.2,"562.0","72202"
"2016-09-18",29.5,23.9,33.3,8.4,,,8.6,,1015.2,"579.0","72202"
"2016-09-19",28.0,25.0,33.3,8.1,,,6.1,,1015.0,"416.0","72202"
"2016-09-20",28.1,23.9,33.3,19.1,,,5.0,,1014.9,,"72202"
"2016-09-21",28.2,24.4,32.8,18.3,,,5.8,,1014.6,"375.0","72202"
"2016-09-22",27.2,23.9,32.2,2.3,,,3.2,,1015.0,"122.0","72202"
"2016-09-23",27.3,24.4,31.7,3.6,,,4.7,,1015.5,"289.0","72202"
"2016-09-24",26.6,24.4,31.7,18.0,,,5.4,,1016.2,"228.0","72202"
"2016-09-25",26.8,23.9,31.7,0.0,,77.0,10.4,,1015.8,"376.0","72202"
"2016-09-26",27.6,24.4,31.1,10.2,,,6.1,,1014.8,"321.0","72202"
"2016-09-27",25.9,22.8,29.4,16.8,,,5.8,,1014.3,"157.0","72202"
"2016-09-28",26.3,22.2,33.3,0.0,,,7.9,,1016.1,"526.0","72202"
"2016-09-29",28.4,25.0,33.3,0.0,,167.0,7.6,,1017.7,"482.0","72202"
"2016-09-30",28.7,23.9,32.8,6.4,,,6.5,,1016.7,"303.0","72202"
"2016-10-01",26.9,23.3,31.1,6.1,,56.0,12.6,,1015.8,"482.0","72202"
"2016-10-02",29.0,25.0,32.8,0.8,,,9.7,,1013.7,,"72202"
"2016-10-03",28.9,25.0,32.8,2.0,,82.0,13.0,,1010.7,"468.0","72202"
"2016-10-04",28.2,25.6,32.8,0.0,,64.0,9.7,,1009.7,,"72202"
"2016-10-05",29.2,26.1,32.8,6.9,,35.0,12.2,,1009.4,"432.0","72202"
"2016-10-06",28.6,25.0,30.6,23.4,,345.0,20.2,,1003.5,,"72202"
"2016-10-07",28.4,26.7,32.8,0.0,,238.0,19.1,,1005.4,"419.0","72202"
"2016-10-08",29.2,26.7,33.3,0.0,,246.0,10.8,,1010.6,"510.0","72202"
"2016-10-09",28.8,25.6,32.2,0.0,,9.0,13.7,,1014.1,"500.0","72202"
"2016-10-10",26.7,23.9,30.0,0.0,,18.0,16.6,,1017.1,,"72202"
"2016-10-11",27.8,25.0,30.6,0.3,,45.0,18.4,,1016.8,"638.0","72202"
"2016-10-12",27.1,23.9,30.6,3.8,,20.0,11.9,,1014.6,"170.0","72202"
"2016-10-13",27.5,25.0,31.1,0.0,,40.0,16.6,,1014.9,"317.0","72202"
"2016-10-14",27.9,25.6,31.1,0.0,,52.0,15.1,,1017.4,"445.0","72202"
"2016-10-15",27.9,23.9,31.1,62.5,,66.0,15.5,,1017.3,,"72202"
"2016-10-16",26.4,24.4,30.6,29.7,,66.0,16.6,,1014.5,"227.0","72202"
"2016-10-17",27.9,26.1,30.6,0.0,,60.0,17.3,,1012.8,"494.0","72202"
"2016-10-18",26.8,23.9,31.1,3.8,,40.0,13.7,,1013.7,"310.0","72202"
"2016-10-19",27.4,25.0,31.1,0.0,,48.0,16.9,,1014.0,"538.0","72202"
"2016-10-20",25.7,22.8,29.4,13.5,,336.0,8.6,,1011.8,"196.0","72202"
"2016-10-21",25.6,22.2,30.6,0.0,,302.0,9.4,,1009.9,"592.0","72202"
"2016-10-22",25.1,21.1,27.8,0.0,,317.0,11.2,,1013.7,"640.0","72202"
"2016-10-23",23.3,19.4,28.3,0.0,,13.0,13.7,,1019.5,"501.0","72202"
"2016-10-24",25.6,21.1,28.3,0.0,,33.0,12.2,,1020.6,"219.0","72202"
"2016-10-25",24.9,22.2,27.8,0.0,,35.0,14.8,,1019.6,"434.0","72202"
"2016-10-26",26.3,21.7,30.0,15.0,,56.0,21.2,,1019.5,,"72202"
"2016-10-27",23.9,20.0,27.2,31.0,,62.0,20.9,,1018.4,,"72202"
"2016-10-28",25.2,22.8,27.2,6.9,,55.0,22.0,,1016.8,"10.0","72202"
"2016-10-29",25.8,23.9,27.2,16.0,,55.0,21.6,,1016.1,,"72202"
"2016-10-30",25.9,23.9,27.8,22.9,,52.0,18.0,,1015.9,"28.0","72202"
"2016-10-31",25.9,23.9,27.8,0.0,,46.0,16.6,,1015.2,"82.0","72202"
"2016-11-01",25.2,22.2,27.8,0.0,,53.0,17.3,,1017.6,"433.0","72202"
"2016-11-02",26.2,24.4,29.4,0.5,,68.0,19.4,,1019.4,"374.0","72202"
"2016-11-03",24.4,21.1,26.1,4.6,,61.0,5.8,,1019.1,"36.0","72202"
"2016-11-04",23.9,20.6,28.3,0.0,,,7.2,,1017.1,"372.0","72202"
"2016-11-05",22.9,20.6,27.8,10.9,,,7.6,,1017.6,"226.0","72202"
"2016-11-06",23.2,20.0,27.2,0.8,,31.0,13.3,,1018.9,"245.0","72202"
"2016-11-07",24.4,22.2,26.7,0.0,,53.0,18.0,,1019.5,"66.0","72202"
"2016-11-08",24.2,21.7,27.2,0.0,,53.0,13.7,,1019.1,"456.0","72202"
"2016-11-09",24.1,21.7,27.2,0.0,,115.0,8.3,,1016.8,"364.0","72202"
"2016-11-10",23.7,20.0,28.3,0.0,,,5.8,,1018.1,"367.0","72202"
"2016-11-11",23.8,18.9,28.3,0.0,,352.0,7.2,,1017.4,"536.0","72202"
"2016-11-12",23.0,18.9,27.8,0.0,,,6.1,,1017.3,"525.0","72202"
"2016-11-13",23.4,18.9,27.2,0.0,,,7.6,,1017.7,"447.0","72202"
"2016-11-14",23.3,19.4,27.2,0.0,,,4.7,,1015.9,"108.0","72202"
"2016-11-15",23.6,20.0,27.2,5.6,,,6.5,,1013.3,"51.0","72202"
"2016-11-16",21.8,17.8,27.2,0.0,,347.0,11.9,,1013.0,"531.0","72202"
"2016-11-17",21.8,18.3,27.2,0.0,,19.0,12.2,,1017.1,"291.0","72202"
"2016-11-18",23.6,21.1,26.7,0.0,,36.0,11.9,,1019.6,,"72202"
"2016-11-19",22.8,19.4,27.2,0.0,,336.0,9.0,,1019.1,"244.0","72202"
"2016-11-20",21.4,17.2,25.6,0.0,,323.0,10.8,,1018.5,"499.0","72202"
"2016-11-21",19.3,14.4,25.0,0.0,,,6.8,,1018.7,"536.0","72202"
"2016-11-22",20.3,15.6,26.1,0.0,,27.0,9.7,,1019.6,"331.0","72202"
"2016-11-23",23.1,18.3,27.2,0.0,,82.0,16.6,,1020.6,"511.0","72202"
"2016-11-24",24.8,22.8,27.8,0.0,,86.0,18.7,,1021.3,"198.0","72202"
"2016-11-25",24.6,20.0,27.8,0.0,,65.0,13.3,,1021.3,,"72202"
"2016-11-26",23.6,20.0,27.8,1.0,,7.0,6.8,,1019.0,"231.0","72202"
"2016-11-27",22.3,17.8,26.7,0.0,,29.0,13.7,,1017.1,"257.0","72202"
"2016-11-28",23.7,21.1,27.2,0.0,,90.0,23.0,,1015.6,"222.0","72202"
"2016-11-29",24.7,22.8,28.3,0.5,,117.0,22.0,,1015.5,,"72202"
"2016-11-30",25.0,23.3,27.8,0.0,,127.0,19.1,,1015.6,"212.0","72202"
"2016-03-01",20.0,16.7,25.6,0.0,"0.0",233.0,11.2,,1016.6,,"72243"
"2016-03-02",17.1,9.4,21.1,0.0,"0.0",111.0,20.2,,1020.0,,"72243"
"2016-03-03",20.8,16.1,28.9,0.0,"0.0",275.0,15.8,,1014.0,,"72243"
"2016-03-04",17.6,8.9,23.3,0.0,"0.0",76.0,9.0,,1020.3,,"72243"
"2016-03-05",16.1,8.3,24.4,0.0,"0.0",,7.2,,1021.2,,"72243"
"2016-03-06",15.8,8.3,23.9,0.0,"0.0",,15.1,,1020.2,,"72243"
"2016-03-07",19.2,16.7,23.9,0.0,"0.0",155.0,25.9,,1013.5,,"72243"
"2016-03-08",20.6,19.4,22.2,5.6,"0.0",155.0,27.4,,1008.4,,"72243"
"2016-03-09",20.7,16.1,22.8,36.6,"0.0",84.0,20.9,,1006.4,,"72243"
"2016-03-10",18.8,17.2,24.4,22.9,"0.0",40.0,18.7,,1008.8,,"72243"
"2016-03-11",20.0,17.2,23.3,2.8,"0.0",115.0,13.3,,1013.6,,"72243"
"2016-03-12",19.3,15.6,23.9,0.5,"0.0",207.0,9.4,,1012.4,,"72243"
"2016-03-13",20.2,13.3,27.8,0.0,"0.0",203.0,12.6,,1009.1,,"72243"
"2016-03-14",21.4,13.3,30.6,0.0,"0.0",,11.5,,1010.2,,"72243"
"2016-03-15",22.2,17.8,28.9,0.0,"0.0",199.0,13.0,,1009.9,,"72243"
"2016-03-16",21.6,17.2,25.6,0.0,"0.0",100.0,14.0,,1013.9,,"72243"
"2016-03-17",21.4,16.7,26.7,0.0,"0.0",144.0,10.1,,1011.5,,"72243"
"2016-03-18",21.4,17.2,27.2,0.0,"0.0",110.0,10.1,,1009.3,,"72243"
"2016-03-19",16.9,10.0,20.6,0.0,"0.0",360.0,24.8,,1017.1,,"72243"
"2016-03-20",11.6,6.1,16.1,0.0,"0.0",345.0,19.1,,1026.9,,"72243"
"2016-03-21",9.4,1.1,17.2,0.0,"0.0",,9.4,,1029.3,,"72243"
"2016-03-22",13.7,5.6,21.1,0.0,"0.0",173.0,16.9,,1021.1,,"72243"
"2016-03-23",19.6,17.2,24.4,0.8,"0.0",169.0,21.6,,1012.3,,"72243"
"2016-03-24",17.4,10.6,20.6,9.7,"0.0",326.0,18.0,,1012.7,,"72243"
"2016-03-25",13.2,5.6,21.1,0.0,"0.0",,6.1,,1014.5,,"72243"
"2016-03-26",14.9,7.8,23.9,0.0,"0.0",,7.9,,1013.1,,"72243"
"2016-03-27",19.3,13.9,25.0,0.0,"0.0",,11.9,,1015.6,,"72243"
"2016-03-28",16.7,9.4,23.9,0.0,"0.0",51.0,9.4,,1018.6,,"72243"
"2016-03-29",18.7,15.0,21.7,0.0,"0.0",103.0,14.4,,1014.7,,"72243"
"2016-03-30",21.1,20.0,23.9,3.3,"0.0",160.0,18.7,,1009.0,,"72243"
"2016-03-31",23.9,18.3,29.4,0.5,"0.0",206.0,10.4,,1004.5,,"72243"
"2016-04-01",18.9,8.9,20.6,1.3,"0.0",16.0,23.0,,1011.8,,"72243"
"2016-04-02",14.0,7.8,22.2,0.0,"0.0",333.0,11.5,,1022.0,,"72243"
"2016-04-03",14.9,5.6,23.3,0.0,"0.0",,4.7,,1022.5,,"72243"
"2016-04-04",17.7,8.9,26.7,0.0,"0.0",,6.5,,1021.7,,"72243"
"2016-04-05",19.2,10.0,27.2,0.0,"0.0",207.0,10.4,,1021.7,,"72243"
"2016-04-06",19.8,12.8,26.1,0.0,"0.0",249.0,11.2,,1017.2,,"72243"
"2016-04-07",19.3,9.4,29.4,0.0,"0.0",,4.7,,1016.3,,"72243"
"2016-04-08",20.6,11.1,27.8,0.0,"0.0",,7.6,,1019.5,,"72243"
"2016-04-09",18.5,12.2,25.6,0.0,"0.0",,15.5,,1020.0,,"72243"
"2016-04-10",20.8,15.6,26.7,0.5,"0.0",161.0,19.4,,1016.3,,"72243"
"2016-04-11",22.4,19.4,26.1,0.3,"0.0",177.0,15.5,,1013.8,,"72243"
"2016-04-12",22.3,18.9,24.4,0.3,"0.0",32.0,14.4,,1016.6,,"72243"
"2016-04-13",19.1,16.7,22.2,16.0,"0.0",,10.4,,1015.2,,"72243"
"2016-04-14",19.9,15.6,24.4,0.0,"0.0",339.0,12.2,,1013.8,,"72243"
"2016-04-15",19.4,14.4,26.1,0.0,"0.0",92.0,8.6,,1011.8,,"72243"
"2016-04-16",20.9,15.0,26.1,0.3,"0.0",117.0,25.2,,1012.1,,"72243"
"2016-04-17",21.8,18.3,24.4,18.0,"0.0",117.0,29.5,,1014.9,,"72243"
"2016-04-18",19.6,17.8,21.1,252.0,"0.0",80.0,11.2,,,,"72243"
"2016-04-19",21.1,18.3,26.1,0.5,"0.0",94.0,10.1,,1016.7,,"72243"
"2016-04-20",21.1,17.2,25.6,18.0,"0.0",100.0,7.9,,1014.6,,"72243"
"2016-04-21",20.0,16.7,23.3,19.6,"0.0",165.0,5.4,,1014.0,,"72243"
"2016-04-22",21.1,15.6,27.2,0.0,"0.0",,7.2,,1016.9,,"72243"
"2016-04-23",20.2,13.3,26.7,0.0,"0.0",,6.8,,1017.2,,"72243"
"2016-04-24",19.3,13.9,25.0,8.1,"0.0",,11.9,,1013.1,,"72243"
"2016-04-25",22.8,19.4,29.4,0.0,"0.0",164.0,15.1,,1009.9,,"72243"
"2016-04-26",24.5,22.8,28.3,0.0,"0.0",159.0,21.2,,1007.5,,"72243"
"2016-04-27",23.3,16.1,30.0,15.2,"0.0",175.0,11.2,,1005.8,,"72243"
"2016-04-28",23.8,18.3,29.4,0.0,"0.0",124.0,16.9,,1009.5,,"72243"
"2016-04-29",25.4,22.8,30.0,0.3,"0.0",159.0,25.6,,1006.7,,"72243"
"2016-04-30",24.8,18.3,29.4,15.2,"0.0",124.0,13.0,,1005.3,,"72243"
"2016-05-01",24.7,21.1,29.4,0.0,"0.0",68.0,14.8,,1010.1,,"72243"
"2016-05-02",20.7,16.1,23.3,1.3,"0.0",6.0,18.4,,1015.0,,"72243"
"2016-05-03",18.1,13.3,24.4,0.0,"0.0",350.0,13.7,,1016.8,,"72243"
"2016-05-04",19.8,12.2,27.8,0.0,"0.0",,8.3,,1016.6,,"72243"
"2016-05-05",21.8,15.0,29.4,0.0,"0.0",329.0,10.4,,1015.5,,"72243"
"2016-05-06",21.4,12.8,28.9,0.0,"0.0",,5.4,,1017.1,,"72243"
"2016-05-07",21.7,13.9,28.3,0.0,"0.0",,12.2,,1016.6,,"72243"
"2016-05-08",22.1,17.2,26.1,0.0,"0.0",167.0,15.5,,1013.6,,"72243"
"2016-05-09",24.1,21.1,28.3,0.3,"0.0",179.0,22.7,,1009.6,,"72243"
"2016-05-10",25.6,21.1,30.6,0.0,"0.0",162.0,16.6,,1012.6,,"72243"
"2016-05-11",25.4,21.7,30.0,0.3,"0.0",149.0,16.6,,1016.1,,"72243"
"2016-05-12",25.9,21.7,31.7,8.9,"0.0",,7.2,,1018.1,,"72243"
"2016-05-13",25.4,20.6,31.1,0.0,"0.0",36.0,9.4,,1019.1,,"72243"
"2016-05-14",23.5,19.4,30.6,19.6,"0.0",,6.1,,1017.5,,"72243"
"2016-05-15",21.4,19.4,26.7,21.8,"0.0",54.0,10.8,,1017.2,,"72243"
"2016-05-16",20.3,18.3,22.8,4.3,"0.0",90.0,14.0,,1013.3,,"72243"
"2016-05-17",21.8,19.4,28.3,0.0,"0.0",19.0,6.8,,1012.3,,"72243"
"2016-05-18",23.5,20.0,27.2,0.3,"0.0",14.0,14.8,,1015.2,,"72243"
"2016-05-19",20.0,17.8,21.1,12.4,"0.0",45.0,17.3,,1013.7,,"72243"
"2016-05-20",20.9,17.2,26.7,0.0,"0.0",18.0,9.0,,1014.4,,"72243"
"2016-05-21",22.5,18.9,27.8,0.8,"0.0",81.0,9.4,,1016.5,,"72243"
"2016-05-22",23.8,21.1,29.4,0.0,"0.0",84.0,13.0,,1014.2,,"72243"
"2016-05-23",24.4,20.0,29.4,0.0,"0.0",131.0,15.5,,1012.9,,"72243"
"2016-05-24",25.4,22.2,30.0,0.0,"0.0",132.0,19.4,,1014.5,,"72243"
"2016-05-25",27.1,24.4,31.7,0.0,"0.0",156.0,19.4,,1016.0,,"72243"
"2016-05-26",26.3,20.0,27.8,17.5,"0.0",155.0,18.0,,1013.7,,"72243"
"2016-05-27",21.4,18.3,27.8,95.5,"0.0",123.0,18.0,,1009.1,,"72243"
"2016-05-28",22.9,17.8,31.7,0.0,"0.0",173.0,10.1,,1013.3,,"72243"
"2016-05-29",25.6,21.1,31.1,0.0,"0.0",,8.3,,1017.7,,"72243"
"2016-05-30",24.7,20.0,29.4,0.0,"0.0",178.0,7.9,,1015.4,,"72243"
"2016-05-31",25.4,20.0,30.6,0.0,"0.0",,9.7,,1012.2,,"72243"
"2016-06-01",25.4,20.0,29.4,100.1,"0.0",117.0,12.6,,1011.6,,"72243"
"2016-06-02",22.1,19.4,25.0,90.7,"0.0",137.0,11.2,,1012.2,,"72243"
"2016-06-03",21.6,20.0,26.7,48.0,"0.0",,7.9,,1012.0,,"72243"
"2016-06-04",21.8,20.0,24.4,22.4,"0.0",32.0,10.4,,1010.7,,"72243"
"2016-06-05",22.7,20.0,28.9,11.2,"0.0",21.0,10.4,,1009.7,,"72243"
"2016-06-06",24.2,21.1,30.6,0.0,"0.0",16.0,7.2,,1009.7,,"72243"
"2016-06-07",26.4,21.7,31.7,0.0,"0.0",,7.6,,1011.4,,"72243"
"2016-06-08",26.4,21.7,31.7,0.0,"0.0",,7.9,,1012.8,,"72243"
"2016-06-09",26.3,22.2,32.2,0.0,"0.0",100.0,10.4,,1013.4,,"72243"
"2016-06-10",26.4,21.7,32.8,0.0,"0.0",84.0,9.4,,1013.9,,"72243"
"2016-06-11",27.6,23.9,33.9,0.0,"0.0",,9.4,,1016.0,,"72243"
"2016-06-12",27.1,23.3,30.6,53.6,"0.0",154.0,9.4,,1017.2,,"72243"
"2016-06-13",27.3,23.3,33.9,0.0,"0.0",,9.4,,1014.1,,"72243"
"2016-06-14",29.7,26.1,34.4,0.0,"0.0",186.0,9.7,,1011.8,,"72243"
"2016-06-15",30.2,25.6,35.6,0.0,"0.0",189.0,11.2,,1013.8,,"72243"
"2016-06-16",30.3,26.1,36.1,0.0,"0.0",181.0,10.4,,1014.7,,"72243"
"2016-06-17",30.0,26.1,35.6,0.0,"0.0",176.0,8.3,,1013.9,,"72243"
"2016-06-18",30.3,23.9,36.1,0.0,"0.0",231.0,9.4,,1015.1,,"72243"
"2016-06-19",27.3,22.8,33.3,0.0,"0.0",108.0,8.6,,1018.5,,"72243"
"2016-06-20",28.4,24.4,34.4,0.0,"0.0",,6.5,,1021.1,,"72243"
"2016-06-21",27.7,23.9,33.9,0.0,"0.0",,6.8,,1019.4,,"72243"
"2016-06-22",28.7,23.9,33.9,0.5,"0.0",176.0,11.9,,1017.1,,"72243"
"2016-06-23",28.7,23.3,33.9,0.0,"0.0",,9.7,,1017.3,,"72243"
"2016-06-24",27.9,22.8,33.9,0.0,"0.0",,8.6,,1017.1,,"72243"
"2016-06-25",28.4,23.9,33.9,1.5,"0.0",,6.5,,1017.1,,"72243"
"2016-06-26",28.7,24.4,33.9,0.0,"0.0",,5.0,,1018.2,,"72243"
"2016-06-27",29.1,24.4,35.6,0.0,"0.0",,3.2,,1017.6,,"72243"
"2016-06-28",28.3,23.3,36.1,5.3,"0.0",299.0,7.6,,1016.1,,"72243"
"2016-06-29",27.2,22.8,34.4,0.0,"0.0",,8.3,,1014.1,,"72243"
"2016-06-30",28.6,23.9,34.4,0.0,"0.0",52.0,9.7,,1013.8,,"72243"
"2016-07-01",29.2,24.4,34.4,0.0,"0.0",,9.4,,1015.4,,"72243"
"2016-07-02",29.8,24.4,35.6,0.0,"0.0",,9.0,,1015.8,,"72243"
"2016-07-03",30.7,26.7,36.1,0.0,"0.0",185.0,14.8,,1014.7,,"72243"
"2016-07-04",30.9,27.8,36.1,0.0,"0.0",186.0,15.5,,1014.8,,"72243"
"2016-07-05",30.9,28.3,36.1,0.0,"0.0",185.0,14.4,,1015.6,,"72243"
"2016-07-06",30.8,27.8,35.6,0.0,"0.0",180.0,16.2,,1015.8,,"72243"
"2016-07-07",30.8,27.2,36.1,0.0,"0.0",176.0,15.8,,1015.1,,"72243"
"2016-07-08",30.7,25.6,36.7,0.0,"0.0",179.0,12.6,,1015.8,,"72243"
"2016-07-09",30.1,25.0,36.7,7.1,"0.0",171.0,11.2,,1016.5,,"72243"
"2016-07-10",30.3,26.7,35.6,0.0,"0.0",186.0,13.0,,1015.0,,"72243"
"2016-07-11",30.8,27.2,36.1,0.0,"0.0",172.0,17.6,,1014.4,,"72243"
"2016-07-12",30.6,26.7,36.1,0.0,"0.0",170.0,15.5,,1014.9,,"72243"
"2016-07-13",31.2,27.2,36.7,0.0,"0.0",175.0,14.4,,1016.4,,"72243"
"2016-07-14",31.1,26.1,36.7,0.0,"0.0",183.0,12.2,,1016.2,,"72243"
"2016-07-15",30.8,25.0,37.2,0.0,"0.0",171.0,11.5,,1015.7,,"72243"
"2016-07-16",30.4,25.0,35.6,0.0,"0.0",171.0,10.1,,1015.9,,"72243"
"2016-07-17",29.6,24.4,35.6,0.0,"0.0",,8.6,,1017.4,,"72243"
"2016-07-18",28.8,24.4,36.1,6.1,"0.0",,5.8,,1019.7,,"72243"
"2016-07-19",28.3,25.0,33.9,5.6,"0.0",75.0,8.3,,1020.2,,"72243"
"2016-07-20",29.0,24.4,36.1,0.3,"0.0",,6.1,,1020.2,,"72243"
"2016-07-21",30.4,23.9,36.7,0.0,"0.0",,6.1,,1019.0,,"72243"
"2016-07-22",30.8,24.4,37.2,0.0,"0.0",,5.8,,1017.2,,"72243"
"2016-07-23",30.9,25.0,37.8,0.0,"0.0",184.0,9.0,,1014.3,,"72243"
"2016-07-24",31.2,25.6,37.8,0.0,"0.0",,8.6,,1013.5,,"72243"
"2016-07-25",30.4,25.0,36.7,0.0,"0.0",,9.0,,1013.4,,"72243"
"2016-07-26",27.7,25.0,33.3,0.0,"0.0",154.0,7.9,,1013.0,,"72243"
"2016-07-27",26.4,22.8,29.4,5.6,"0.0",,6.8,,1014.4,,"72243"
"2016-07-28",27.8,24.4,32.8,3.0,"0.0",190.0,4.7,,1015.4,,"72243"
"2016-07-29",28.3,23.9,35.6,0.0,"0.0",,7.2,,1015.5,,"72243"
"2016-07-30",29.8,24.4,36.7,0.0,"0.0",,6.8,,1015.6,,"72243"
"2016-07-31",29.7,25.0,35.6,0.0,"0.0",188.0,9.0,,1015.7,,"72243"
"2016-08-01",30.0,23.3,36.7,0.0,"0.0",179.0,9.4,,1016.8,,"72243"
"2016-08-02",30.6,25.0,37.2,0.0,"0.0",,7.6,,,,"72243"
"2016-08-03",30.7,24.4,36.7,0.0,"0.0",,7.2,,1015.7,,"72243"
"2016-08-04",30.8,24.4,37.2,0.0,"0.0",,7.6,,1014.0,,"72243"
"2016-08-05",30.6,25.0,36.1,0.0,"0.0",,6.5,,1013.9,,"72243"
"2016-08-06",30.8,25.0,36.7,0.0,"0.0",208.0,9.4,,1014.1,,"72243"
"2016-08-07",31.4,25.6,37.8,0.0,"0.0",215.0,8.6,,1013.1,,"72243"
"2016-08-08",31.2,25.0,37.8,0.0,"0.0",176.0,8.3,,1012.1,,"72243"
"2016-08-09",31.6,25.0,38.3,0.0,"0.0",173.0,10.1,,1012.5,,"72243"
"2016-08-10",31.9,26.1,37.8,0.0,"0.0",198.0,9.4,,1014.4,,"72243"
"2016-08-11",32.1,27.8,38.3,0.0,"0.0",224.0,13.7,,1013.6,,"72243"
"2016-08-12",31.4,27.8,37.2,0.0,"0.0",212.0,13.7,,1010.4,,"72243"
"2016-08-13",30.2,24.4,36.1,21.1,"0.0",229.0,11.2,,1009.4,,"72243"
"2016-08-14",25.9,22.2,31.7,42.2,"0.0",205.0,7.2,,1012.3,,"72243"
"2016-08-15",25.3,23.9,30.0,36.3,"0.0",32.0,10.4,,1014.7,,"72243"
"2016-08-16",25.4,23.3,27.8,52.1,"0.0",,9.4,,1016.9,,"72243"
"2016-08-17",25.6,22.8,28.3,43.9,"0.0",121.0,10.4,,1018.4,,"72243"
"2016-08-18",25.1,23.3,31.1,4.8,"0.0",,6.5,,1017.3,,"72243"
"2016-08-19",26.9,23.9,33.3,9.9,"0.0",169.0,8.3,,1014.4,,"72243"
"2016-08-20",27.7,23.9,32.8,13.5,"0.0",165.0,9.0,,1012.1,,"72243"
"2016-08-21",27.6,24.4,30.6,0.0,"0.0",131.0,9.0,,1014.6,,"72243"
"2016-08-22",25.7,22.8,31.7,8.4,"0.0",88.0,8.6,,1018.3,,"72243"
"2016-08-23",27.8,23.9,35.0,0.0,"0.0",157.0,11.2,,1019.9,,"72243"
"2016-08-24",28.4,24.4,34.4,0.0,"0.0",,9.4,,1019.1,,"72243"
"2016-08-25",26.9,23.9,32.8,10.7,"0.0",,7.9,,1017.3,,"72243"
"2016-08-26",26.2,22.8,31.7,18.8,"0.0",64.0,9.0,,1016.2,,"72243"
"2016-08-27",26.2,23.3,32.8,0.0,"0.0",32.0,10.1,,1014.6,,"72243"
"2016-08-28",25.7,23.9,31.1,0.0,"0.0",42.0,14.4,,1014.5,,"72243"
"2016-08-29",25.2,23.9,28.9,2.5,"0.0",48.0,12.6,,1014.4,,"72243"
"2016-08-30",27.3,23.3,33.9,0.0,"0.0",51.0,10.8,,1013.9,,"72243"
"2016-08-31",28.9,25.0,35.0,0.3,"0.0",355.0,7.9,,1012.6,,"72243"
"2016-09-01",29.4,25.0,36.1,0.0,"0.0",5.0,10.4,,1012.0,,"72243"
"2016-09-02",29.6,25.0,35.0,0.0,"0.0",22.0,10.8,,1013.5,,"72243"
"2016-09-03",28.1,23.9,33.9,0.0,"0.0",56.0,13.0,,1014.4,,"72243"
"2016-09-04",27.6,23.3,34.4,7.4,"0.0",70.0,7.9,,1014.7,,"72243"
"2016-09-05",26.9,23.9,32.2,0.5,"0.0",,7.9,,1017.0,,"72243"
"2016-09-06",28.1,23.9,33.9,0.0,"0.0",,11.5,,1018.8,,"72243"
"2016-09-07",28.2,23.3,34.4,0.0,"0.0",,6.1,,1019.0,,"72243"
"2016-09-08",29.1,24.4,34.4,0.0,"0.0",173.0,9.4,,1016.0,,"72243"
"2016-09-09",27.5,23.9,32.8,1.0,"0.0",,5.0,,1014.4,,"72243"
"2016-09-10",25.9,23.3,32.2,0.0,"0.0",,6.5,,1017.0,,"72243"
"2016-09-11",26.6,22.2,32.8,0.0,"0.0",19.0,7.9,,1018.2,,"72243"
"2016-09-12",27.3,22.8,33.3,0.0,"0.0",64.0,9.4,,1014.5,,"72243"
"2016-09-13",27.0,23.9,34.4,2.5,"0.0",72.0,11.5,,1014.5,,"72243"
"2016-09-14",27.8,24.4,33.3,0.0,"0.0",57.0,12.6,,1016.1,,"72243"
"2016-09-15",28.3,23.9,33.9,0.0,"0.0",77.0,11.2,,1015.0,,"72243"
"2016-09-16",27.7,24.4,33.3,0.3,"0.0",73.0,10.4,,1012.9,,"72243"
"2016-09-17",28.7,23.9,35.6,0.0,"0.0",,5.4,,1014.1,,"72243"
"2016-09-18",29.1,24.4,36.1,0.0,"0.0",,6.8,,1014.2,,"72243"
"2016-09-19",30.0,24.4,35.6,0.0,"0.0",213.0,7.2,,1015.5,,"72243"
"2016-09-20",29.4,24.4,35.6,0.0,"0.0",,7.9,,1016.5,,"72243"
"2016-09-21",27.9,22.8,34.4,0.0,"0.0",52.0,7.6,,1015.6,,"72243"
"2016-09-22",27.7,23.9,33.3,0.0,"0.0",,10.4,,1014.5,,"72243"
"2016-09-23",27.4,23.9,32.2,0.0,"0.0",,12.2,,1015.1,,"72243"
"2016-09-24",26.8,23.9,33.3,17.5,"0.0",127.0,9.0,,1015.0,,"72243"
"2016-09-25",25.6,22.2,32.2,13.5,"0.0",88.0,8.6,,1015.1,,"72243"
"2016-09-26",25.1,22.8,30.0,0.5,"0.0",1.0,11.2,,1016.4,,"72243"
"2016-09-27",24.6,21.7,29.4,0.0,"0.0",2.0,11.5,,1016.2,,"72243"
"2016-09-28",25.1,19.4,31.7,0.0,"0.0",,4.0,,1016.6,,"72243"
"2016-09-29",23.3,17.8,30.0,0.0,"0.0",,10.8,,1019.5,,"72243"
"2016-09-30",20.9,14.4,27.2,0.0,"0.0",23.0,6.1,,1020.2,,"72243"
"2016-10-01",21.1,15.6,27.8,0.0,"0.0",,5.0,,1017.8,,"72243"
"2016-10-02",23.3,18.3,30.0,0.0,"0.0",32.0,7.2,,1016.3,,"72243"
"2016-10-03",23.0,16.7,30.6,0.0,"0.0",68.0,9.4,,1013.3,,"72243"
"2016-10-04",24.3,18.9,32.2,0.0,"0.0",110.0,13.0,,1010.1,,"72243"
"2016-10-05",26.7,22.8,32.8,0.0,"0.0",115.0,12.2,,1011.9,,"72243"
"2016-10-06",26.8,22.2,32.2,0.3,"0.0",121.0,12.6,,1013.2,,"72243"
"2016-10-07",26.3,21.1,32.8,0.0,"0.0",,12.6,,1015.2,,"72243"
"2016-10-08",25.2,19.4,31.7,0.0,"0.0",8.0,14.4,,1019.7,,"72243"
"2016-10-09",22.3,15.0,27.8,0.0,"0.0",28.0,12.6,,1022.2,,"72243"
"2016-10-10",20.4,11.7,29.4,0.0,"0.0",37.0,5.4,,1020.8,,"72243"
"2016-10-11",22.6,18.3,30.0,2.8,"0.0",109.0,13.0,,1019.3,,"72243"
"2016-10-12",25.4,20.6,31.7,0.0,"0.0",131.0,12.2,,1017.9,,"72243"
"2016-10-13",26.1,21.1,32.2,0.0,"0.0",,7.2,,1018.8,,"72243"
"2016-10-14",24.8,20.6,30.6,0.5,"0.0",102.0,9.4,,1018.7,,"72243"
"2016-10-15",24.9,20.0,32.2,0.0,"0.0",123.0,10.8,,1017.3,,"72243"
"2016-10-16",26.0,20.6,32.8,0.0,"0.0",154.0,9.7,,1015.5,,"72243"
"2016-10-17",26.6,21.1,32.8,0.0,"0.0",168.0,11.2,,1012.1,,"72243"
"2016-10-18",27.3,21.1,33.9,0.0,"0.0",174.0,10.1,,1012.0,,"72243"
"2016-10-19",26.4,22.2,31.7,0.0,"0.0",134.0,10.4,,1014.2,,"72243"
"2016-10-20",24.8,18.9,31.1,0.0,"0.0",,13.0,,1016.8,,"72243"
"2016-10-21",19.8,10.6,24.4,0.0,"0.0",11.0,14.4,,1021.9,,"72243"
"2016-10-22",16.7,8.9,25.0,0.0,"0.0",,7.6,,1021.8,,"72243"
"2016-10-23",18.1,10.6,26.7,0.0,"0.0",,9.4,,1022.4,,"72243"
"2016-10-24",21.3,14.4,29.4,0.0,"0.0",116.0,8.3,,1023.3,,"72243"
"2016-10-25",21.3,15.0,28.9,0.0,"0.0",102.0,9.0,,1021.6,,"72243"
"2016-10-26",22.3,15.6,29.4,0.0,"0.0",,6.1,,1020.4,,"72243"
"2016-10-27",21.6,15.6,29.4,0.0,"0.0",,6.5,,1021.8,,"72243"
"2016-10-28",22.2,16.1,30.6,0.0,"0.0",,7.6,,1021.5,,"72243"
"2016-10-29",22.7,17.2,30.6,0.0,"0.0",90.0,10.1,,1020.5,,"72243"
"2016-10-30",22.3,15.6,30.6,0.0,"0.0",,6.1,,1020.2,,"72243"
"2016-10-31",20.7,13.9,29.4,0.0,"0.0",,11.5,,1018.0,,"72243"
"2016-11-01",22.9,18.3,28.9,1.3,"0.0",122.0,12.2,,1016.2,,"72243"
"2016-11-02",24.3,20.0,31.1,0.0,"0.0",113.0,13.0,,1018.6,,"72243"
"2016-11-03",24.6,20.6,31.1,0.0,"0.0",98.0,7.9,,1021.3,,"72243"
"2016-11-04",24.6,21.1,30.6,0.0,"0.0",4.0,7.9,,1022.3,,"72243"
"2016-11-05",23.3,18.9,28.3,0.0,"0.0",41.0,10.8,,1022.2,,"72243"
"2016-11-06",21.1,16.1,26.7,35.6,"0.0",76.0,13.3,,1020.1,,"72243"
"2016-11-07",21.3,17.8,25.6,3.3,"0.0",91.0,14.4,,1019.2,,"72243"
"2016-11-08",19.6,17.2,22.2,0.0,"0.0",35.0,11.9,,1019.8,,"72243"
"2016-11-09",20.6,16.1,24.4,0.0,"0.0",15.0,14.8,,1021.4,,"72243"
"2016-11-10",17.9,12.8,22.8,0.0,"0.0",23.0,9.4,,1024.4,,"72243"
"2016-11-11",17.9,13.9,23.9,0.0,"0.0",,6.8,,1022.8,,"72243"
"2016-11-12",19.3,14.4,26.7,0.0,"0.0",18.0,9.4,,1022.1,,"72243"
"2016-11-13",17.6,11.7,20.0,0.0,"0.0",94.0,9.4,,1022.7,,"72243"
"2016-11-14",16.5,10.6,26.1,0.0,"0.0",,5.8,,1019.0,,"72243"
"2016-11-15",21.0,13.3,28.9,0.0,"0.0",,7.6,,1016.9,,"72243"
"2016-11-16",18.5,10.0,28.9,0.0,"0.0",,7.6,,1016.1,,"72243"
"2016-11-17",21.0,13.9,28.3,0.0,"0.0",,13.0,,1014.1,,"72243"
"2016-11-18",22.5,13.3,28.3,1.0,"0.0",182.0,15.8,,1019.1,,"72243"
"2016-11-19",13.7,6.7,18.3,0.0,"0.0",359.0,18.7,,1031.5,,"72243"
"2016-11-20",10.4,2.2,18.9,0.0,"0.0",,7.9,,1028.3,,"72243"
"2016-11-21",13.7,5.6,24.4,0.0,"0.0",,10.4,,1020.7,,"72243"
"2016-11-22",19.0,12.2,27.8,0.0,"0.0",154.0,14.8,,1015.8,,"72243"
"2016-11-23",21.3,11.1,23.3,7.9,"0.0",311.0,11.5,,1018.6,,"72243"
"2016-11-24",15.6,9.4,23.3,0.0,"0.0",,6.1,,1022.5,,"72243"
"2016-11-25",17.2,12.2,24.4,0.3,"0.0",,6.8,,1025.3,,"72243"
"2016-11-26",17.0,11.7,21.7,0.0,"0.0",71.0,8.6,,1026.3,,"72243"
"2016-11-27",15.3,9.4,22.8,0.0,"0.0",130.0,18.4,,1017.0,,"72243"
"2016-11-28",23.1,12.8,27.8,1.3,"0.0",198.0,13.0,,1002.5,,"72243"
"2016-11-29",20.3,11.7,28.9,0.0,"0.0",,8.3,,1003.4,,"72243"
"2016-11-30",18.8,6.7,20.6,0.0,"0.0",,14.4,,1014.1,,"72243"
"2016-03-01",16.4,11.7,21.1,0.0,,,12.2,,1020.4,,"72494"
"2016-03-02",15.3,12.2,19.4,0.0,,207.0,10.8,,1019.1,,"72494"
"2016-03-03",15.9,14.4,17.8,0.0,,325.0,9.0,,1018.7,,"72494"
"2016-03-04",16.1,15.6,17.8,5.1,,,13.3,,1014.9,,"72494"
"2016-03-05",16.5,13.3,18.3,36.8,,164.0,24.8,,1008.5,,"72494"
"2016-03-06",14.1,8.9,16.1,27.4,,207.0,21.2,,1012.4,,"72494"
"2016-03-07",11.9,10.0,14.4,3.3,,279.0,21.2,,1010.0,,"72494"
"2016-03-08",11.7,8.3,13.9,0.0,,253.0,12.2,,1019.1,,"72494"
"2016-03-09",12.5,11.1,18.3,2.0,,147.0,11.2,,1018.4,,"72494"
"2016-03-10",16.7,11.7,17.8,15.2,,158.0,17.3,,1015.6,,"72494"
"2016-03-11",14.3,11.1,15.6,7.9,,199.0,30.6,,1009.3,,"72494"
"2016-03-12",11.9,9.4,15.6,6.9,,170.0,20.5,,1019.2,,"72494"
"2016-03-13",14.4,13.9,16.1,22.9,,207.0,20.9,,1017.0,,"72494"
"2016-03-14",14.4,10.6,16.1,0.0,,282.0,18.7,,1022.6,,"72494"
"2016-03-15",12.5,8.3,17.8,0.0,,283.0,12.6,,1023.7,,"72494"
"2016-03-16",13.7,8.9,21.7,0.0,,288.0,10.8,,1018.7,,"72494"
"2016-03-17",15.9,10.6,24.4,0.0,,,5.8,,1013.9,,"72494"
"2016-03-18",14.2,11.1,17.2,0.0,,278.0,18.4,,1015.5,,"72494"
"2016-03-19",13.8,11.7,19.4,0.0,,193.0,12.2,,1017.0,,"72494"
"2016-03-20",14.9,12.2,18.9,2.8,,171.0,12.2,,1017.7,,"72494"
"2016-03-21",14.5,12.2,17.8,0.3,,,16.9,,1018.5,,"72494"
"2016-03-22",13.3,10.6,16.1,0.0,,279.0,20.2,,1023.2,,"72494"
"2016-03-23",13.1,8.9,18.9,0.0,,270.0,14.4,,1025.8,,"72494"
"2016-03-24",14.0,10.0,18.3,0.0,,254.0,21.2,,1023.9,,"72494"
"2016-03-25",14.1,10.0,18.3,0.0,,,21.6,,1018.0,,"72494"
"2016-03-26",14.2,11.1,18.3,0.0,,281.0,25.6,,1015.8,,"72494"
"2016-03-27",13.7,10.6,16.7,0.0,,270.0,37.8,,1018.0,,"72494"
"2016-03-28",11.8,9.4,15.0,0.0,,285.0,33.5,,1014.3,,"72494"
"2016-03-29",12.2,8.3,17.8,0.0,,277.0,15.8,,1012.4,,"72494"
"2016-03-30",12.8,9.4,16.7,0.0,,261.0,17.6,,1015.7,,"72494"
"2016-03-31",13.6,11.7,17.2,0.0,,272.0,20.2,,1019.9,,"72494"
"2016-04-01",13.3,11.7,16.7,0.0,,270.0,22.7,,1021.8,,"72494"
"2016-04-02",13.2,11.1,19.4,0.0,,287.0,16.9,,1021.6,,"72494"
"2016-04-03",12.7,10.6,16.7,0.0,,279.0,19.1,,1020.2,,"72494"
"2016-04-04",14.4,11.1,18.9,0.0,,271.0,27.0,,1022.8,,"72494"
"2016-04-05",15.2,10.0,26.1,0.0,,,10.1,,1021.9,,"72494"
"2016-04-06",20.1,13.3,30.0,0.0,,,4.7,,1017.8,,"72494"
"2016-04-07",20.8,15.6,22.8,0.0,,317.0,13.3,,1013.9,,"72494"
"2016-04-08",16.4,15.0,19.4,7.9,,254.0,12.2,,1012.3,,"72494"
"2016-04-09",15.6,13.9,18.3,5.1,,,10.4,,1012.6,,"72494"
"2016-04-10",14.1,12.8,14.4,2.3,,268.0,14.0,,1013.1,,"72494"
"2016-04-11",14.1,12.2,17.8,0.0,,221.0,10.8,,1018.7,,"72494"
"2016-04-12",14.1,12.2,16.1,0.0,,262.0,28.8,,1022.7,,"72494"
"2016-04-13",13.8,11.7,17.8,0.0,,264.0,23.4,,1022.0,,"72494"
"2016-04-14",13.8,10.0,17.2,0.8,,272.0,30.6,,1020.3,,"72494"
"2016-04-15",13.6,9.4,18.9,0.0,,287.0,21.6,,1020.4,,"72494"
"2016-04-16",16.5,10.6,26.1,0.0,,272.0,11.2,,1018.6,,"72494"
"2016-04-17",18.1,12.2,28.3,0.0,,321.0,8.3,,1016.4,,"72494"
"2016-04-18",19.4,13.3,27.8,0.0,,314.0,11.9,,1017.1,,"72494"
"2016-04-19",18.8,13.9,26.7,0.0,,315.0,12.2,,1014.6,,"72494"
"2016-04-20",17.3,11.1,23.9,0.0,,286.0,10.8,,1013.8,,"72494"
"2016-04-21",17.7,15.6,21.1,0.0,,206.0,17.3,,1012.6,,"72494"
"2016-04-22",16.1,11.7,16.7,3.8,,220.0,25.6,,1012.9,,"72494"
"2016-04-23",13.8,10.6,17.2,0.0,,278.0,24.1,,1021.8,,"72494"
"2016-04-24",14.2,10.0,17.8,0.0,,282.0,40.0,,1017.7,,"72494"
"2016-04-25",12.8,8.3,17.2,0.0,,284.0,32.0,,1017.0,,"72494"
"2016-04-26",12.2,8.3,16.7,0.0,,278.0,26.6,,1018.0,,"72494"
"2016-04-27",12.0,9.4,15.6,1.0,,279.0,31.0,,1014.4,,"72494"
"2016-04-28",11.9,8.9,17.2,0.0,,271.0,29.2,,1013.3,,"72494"
"2016-04-29",12.3,8.9,15.6,0.0,,263.0,31.3,,1015.8,,"72494"
"2016-04-30",14.0,9.4,21.7,0.0,,284.0,25.2,,1012.2,,"72494"
"2016-05-01",18.2,12.2,26.7,0.0,,350.0,9.0,,1010.5,,"72494"
"2016-05-02",15.6,10.6,18.3,0.0,,287.0,18.0,,1016.6,,"72494"
"2016-05-03",13.0,10.6,18.3,0.0,,295.0,22.7,,1015.2,,"72494"
"2016-05-04",13.6,11.1,19.4,0.0,,244.0,15.1,,1012.1,,"72494"
"2016-05-05",15.4,12.2,19.4,0.0,,215.0,15.5,,1011.4,,"72494"
"2016-05-06",13.8,12.2,14.4,0.8,,233.0,13.7,,1011.4,,"72494"
"2016-05-07",14.2,12.2,17.2,0.3,,218.0,13.0,,1013.8,,"72494"
"2016-05-08",15.4,12.8,19.4,0.3,,275.0,16.9,,1014.8,,"72494"
"2016-05-09",14.7,11.1,20.0,0.0,,258.0,16.9,,1014.9,,"72494"
"2016-05-10",13.8,11.1,19.4,0.0,,297.0,15.5,,1015.1,,"72494"
"2016-05-11",13.9,11.1,18.9,0.0,,307.0,18.4,,1016.6,,"72494"
"2016-05-12",14.2,11.7,18.3,0.0,,283.0,22.0,,1017.3,,"72494"
"2016-05-13",14.8,12.8,18.9,0.0,,263.0,19.4,,1016.7,,"72494"
"2016-05-14",15.5,12.2,21.7,0.0,,224.0,15.8,,1017.2,,"72494"
"2016-05-15",16.1,13.3,18.9,0.0,,272.0,34.6,,1015.4,,"72494"
"2016-05-16",15.6,12.2,21.7,0.0,,280.0,22.7,,1014.6,,"72494"
"2016-05-17",17.8,12.2,30.6,0.0,,303.0,15.5,,1013.0,,"72494"
"2016-05-18",18.6,13.3,22.8,0.0,,297.0,18.7,,1013.8,,"72494"
"2016-05-19",15.4,11.7,17.8,0.0,,265.0,38.5,,1011.9,,"72494"
"2016-05-20",13.4,11.1,16.7,0.0,,266.0,34.9,,1011.0,,"72494"
"2016-05-21",14.1,12.2,17.8,0.0,,257.0,19.8,,1016.4,,"72494"
"2016-05-22",14.7,12.8,18.3,0.0,,266.0,19.8,,1018.7,,"72494"
"2016-05-23",15.2,12.2,18.9,0.0,,266.0,23.0,,1014.6,,"72494"
"2016-05-24",14.9,13.3,18.3,0.0,,264.0,24.5,,1015.2,,"72494"
"2016-05-25",14.9,13.3,18.3,0.0,,263.0,22.3,,1019.4,,"72494"
"2016-05-26",15.4,12.8,21.1,0.0,,258.0,18.0,,1018.3,,"72494"
"2016-05-27",15.7,11.7,22.8,0.0,,300.0,16.6,,1013.4,,"72494"
"2016-05-28",18.8,13.3,26.1,0.0,,301.0,15.8,,1010.5,,"72494"
"2016-05-29",17.2,11.7,22.2,0.0,,315.0,16.6,,1014.4,,"72494"
"2016-05-30",15.6,11.7,21.1,0.0,,307.0,18.4,,1014.7,,"72494"
"2016-05-31",16.3,11.7,22.8,0.0,,303.0,19.1,,1011.2,,"72494"
"2016-06-01",16.2,11.7,23.9,0.0,,316.0,16.9,,1011.7,,"72494"
"2016-06-02",15.9,12.2,22.2,0.0,,306.0,17.3,,1015.0,,"72494"
"2016-06-03",18.6,13.3,30.6,0.0,,315.0,15.5,,1014.4,,"72494"
"2016-06-04",18.8,13.3,23.3,0.0,,297.0,17.6,,1012.2,,"72494"
"2016-06-05",16.3,11.7,22.2,0.0,,301.0,20.9,,1011.9,,"72494"
"2016-06-06",15.6,11.7,21.7,0.0,,287.0,22.0,,1010.3,,"72494"
"2016-06-07",16.7,13.9,21.1,0.0,,275.0,21.2,,1012.7,,"72494"
"2016-06-08",16.3,14.4,20.6,0.0,,259.0,24.8,,1014.4,,"72494"
"2016-06-09",15.8,13.9,17.8,0.0,,267.0,25.9,,1014.3,,"72494"
"2016-06-10",16.0,12.2,20.0,0.0,,268.0,35.3,,1015.1,,"72494"
"2016-06-11",16.7,10.6,26.7,0.0,,293.0,16.6,,1013.1,,"72494"
"2016-06-12",18.8,14.4,24.4,0.0,,172.0,14.0,,1015.7,,"72494"
"2016-06-13",16.9,12.8,18.9,0.0,,265.0,28.4,,1018.6,,"72494"
"2016-06-14",15.4,12.8,18.3,0.0,,263.0,39.6,,1017.1,,"72494"
"2016-06-15",14.7,11.7,18.9,0.0,,261.0,25.2,,1016.9,,"72494"
"2016-06-16",16.6,13.3,23.3,0.0,,183.0,15.1,,1018.3,,"72494"
"2016-06-17",18.6,14.4,22.2,0.0,,212.0,16.6,,1018.0,,"72494"
"2016-06-18",16.7,13.3,22.2,0.0,,289.0,22.3,,1020.9,,"72494"
"2016-06-19",19.8,13.9,28.9,0.0,,297.0,18.7,,1018.0,,"72494"
"2016-06-20",17.4,12.8,22.2,0.0,,291.0,27.7,,1017.8,,"72494"
"2016-06-21",17.6,12.8,25.6,0.0,,299.0,21.2,,1016.5,,"72494"
"2016-06-22",15.5,12.8,18.3,0.0,,271.0,23.0,,1016.0,,"72494"
"2016-06-23",15.8,12.2,22.8,0.0,,283.0,34.9,,1018.1,,"72494"
"2016-06-24",16.3,12.2,22.8,0.0,,285.0,27.0,,1017.7,,"72494"
"2016-06-25",17.5,12.8,25.0,0.0,,295.0,23.0,,1014.5,,"72494"
"2016-06-26",16.4,12.2,22.2,0.0,,293.0,28.4,,1014.9,,"72494"
"2016-06-27",15.7,11.1,21.1,0.0,,297.0,29.5,,1015.6,,"72494"
"2016-06-28",14.9,11.1,19.4,0.0,,296.0,31.0,,1015.0,,"72494"
"2016-06-29",13.9,11.1,17.2,0.0,,285.0,22.3,,1014.9,,"72494"
"2016-06-30",15.1,11.7,22.8,0.0,,297.0,20.5,,1011.6,,"72494"
"2016-07-01",15.7,12.2,21.1,0.0,,309.0,18.7,,1011.2,,"72494"
"2016-07-02",15.9,12.2,23.3,0.0,,327.0,12.2,,1013.7,,"72494"
"2016-07-03",16.7,12.2,23.3,0.0,,323.0,14.0,,1015.9,,"72494"
"2016-07-04",16.9,12.8,22.8,0.0,,307.0,16.2,,1016.1,,"72494"
"2016-07-05",16.2,12.8,19.4,0.0,,279.0,17.6,,1015.5,,"72494"
"2016-07-06",15.1,12.2,19.4,0.0,,264.0,20.9,,1015.6,,"72494"
"2016-07-07",14.7,12.8,17.2,0.0,,258.0,24.5,,1016.1,,"72494"
"2016-07-08",15.3,13.3,20.6,0.0,,272.0,23.0,,1016.7,,"72494"
"2016-07-09",17.7,14.4,22.2,0.0,,272.0,25.6,,1018.9,,"72494"
"2016-07-10",16.7,13.3,22.8,0.0,,274.0,30.2,,1017.7,,"72494"
"2016-07-11",16.8,12.8,20.6,0.0,,285.0,25.9,,1014.1,,"72494"
"2016-07-12",15.9,12.8,20.6,0.0,,274.0,25.6,,1014.7,,"72494"
"2016-07-13",17.0,12.8,25.0,0.0,,304.0,19.8,,1014.9,,"72494"
"2016-07-14",16.8,12.2,20.0,0.0,,294.0,24.1,,1014.6,,"72494"
"2016-07-15",15.5,12.2,22.8,0.0,,315.0,15.1,,1013.2,,"72494"
"2016-07-16",16.6,12.8,22.8,0.0,,329.0,12.6,,1012.0,,"72494"
"2016-07-17",16.3,12.8,21.7,0.0,,260.0,20.2,,1013.9,,"72494"
"2016-07-18",15.6,13.3,20.6,0.0,,260.0,23.8,,1018.3,,"72494"
"2016-07-19",15.8,12.8,20.6,0.0,,266.0,26.3,,1018.9,,"72494"
"2016-07-20",16.1,13.3,20.0,0.0,,278.0,27.7,,1017.8,,"72494"
"2016-07-21",16.2,13.3,21.1,0.0,,270.0,26.6,,1019.0,,"72494"
"2016-07-22",16.4,12.2,21.1,0.0,,293.0,24.8,,1018.8,,"72494"
"2016-07-23",17.2,13.3,22.2,0.0,,293.0,24.8,,1014.0,,"72494"
"2016-07-24",16.6,13.3,20.6,0.0,,294.0,23.4,,1011.5,,"72494"
"2016-07-25",16.1,12.2,22.2,0.0,,304.0,16.9,,1013.3,,"72494"
"2016-07-26",16.9,11.7,27.2,0.0,,298.0,17.6,,1011.9,,"72494"
"2016-07-27",17.4,12.2,22.2,0.0,,292.0,24.1,,1012.1,,"72494"
"2016-07-28",15.2,11.7,20.6,0.0,,298.0,24.1,,1012.2,,"72494"
"2016-07-29",15.2,11.7,20.6,0.0,,297.0,24.5,,1010.4,,"72494"
"2016-07-30",15.6,12.2,22.8,0.0,,303.0,20.5,,1009.7,,"72494"
"2016-07-31",16.7,13.3,24.4,0.0,,305.0,15.5,,1011.9,,"72494"
"2016-08-01",18.0,13.9,23.3,0.0,,277.0,19.8,,1014.1,,"72494"
"2016-08-02",16.5,13.3,20.6,0.0,,298.0,19.8,,1015.5,,"72494"
"2016-08-03",16.4,12.2,22.8,0.0,,309.0,17.3,,1014.6,,"72494"
"2016-08-04",15.5,13.3,19.4,0.0,,249.0,19.8,,1014.1,,"72494"
"2016-08-05",16.2,12.8,20.6,0.0,,243.0,18.0,,1012.7,,"72494"
"2016-08-06",15.3,13.3,20.0,0.0,,267.0,22.3,,1012.3,,"72494"
"2016-08-07",15.9,13.3,21.1,0.0,,271.0,20.2,,1012.2,,"72494"
"2016-08-08",16.6,13.3,22.8,0.0,,281.0,19.1,,1010.9,,"72494"
"2016-08-09",17.0,13.9,24.4,0.0,,298.0,17.3,,1010.3,,"72494"
"2016-08-10",16.9,13.3,23.3,0.0,,299.0,16.2,,1012.0,,"72494"
"2016-08-11",16.4,13.9,22.8,0.0,,312.0,15.8,,1015.4,,"72494"
"2016-08-12",16.3,12.2,20.6,0.0,,302.0,19.8,,1016.5,,"72494"
"2016-08-13",15.3,11.7,21.1,0.0,,298.0,23.0,,1014.5,,"72494"
"2016-08-14",15.3,12.2,21.1,0.0,,295.0,27.0,,1012.9,,"72494"
"2016-08-15",15.3,12.8,21.1,0.0,,296.0,19.1,,1013.6,,"72494"
"2016-08-16",15.7,12.8,20.0,0.0,,295.0,21.6,,1012.6,,"72494"
"2016-08-17",15.8,12.8,21.1,0.0,,303.0,19.1,,1010.8,,"72494"
"2016-08-18",16.9,14.4,22.8,0.0,,317.0,15.5,,1010.8,,"72494"
"2016-08-19",17.3,14.4,22.8,0.0,,309.0,16.6,,1012.6,,"72494"
"2016-08-20",16.7,14.4,20.6,0.0,,292.0,22.7,,1013.6,,"72494"
"2016-08-21",16.5,14.4,20.6,0.0,,283.0,21.6,,1013.6,,"72494"
"2016-08-22",16.4,14.4,20.6,0.0,,278.0,20.5,,1014.3,,"72494"
"2016-08-23",16.9,13.9,22.8,0.0,,,16.2,,1017.4,,"72494"
"2016-08-24",16.4,13.9,20.0,0.0,,289.0,22.0,,1017.8,,"72494"
"2016-08-25",15.6,13.3,21.1,0.0,,270.0,16.9,,1013.9,,"72494"
"2016-08-26",17.6,15.0,22.2,0.0,,193.0,13.0,,1013.5,,"72494"
"2016-08-27",18.2,16.1,22.2,0.0,,,14.0,,1015.7,,"72494"
"2016-08-28",17.7,15.0,22.2,0.0,,256.0,17.3,,1018.1,,"72494"
"2016-08-29",16.8,13.9,21.7,0.0,,275.0,24.1,,1018.3,,"72494"
"2016-08-30",18.2,15.6,22.8,0.0,,277.0,28.1,,1015.3,,"72494"
"2016-08-31",17.9,15.0,21.7,0.0,,267.0,30.6,,1013.9,,"72494"
"2016-09-01",16.8,14.4,20.0,0.0,,262.0,17.6,,1014.6,,"72494"
"2016-09-02",16.7,12.8,21.7,0.0,,285.0,19.4,,1012.6,,"72494"
"2016-09-03",15.8,13.9,18.9,0.0,,252.0,23.0,,1010.9,,"72494"
"2016-09-04",15.8,13.3,19.4,0.0,,263.0,22.3,,1010.6,,"72494"
"2016-09-05",15.7,11.7,22.2,0.0,,300.0,15.1,,1010.3,,"72494"
"2016-09-06",17.0,12.2,28.9,0.0,,311.0,14.8,,1010.9,,"72494"
"2016-09-07",19.4,14.4,31.1,0.0,,314.0,12.6,,1012.4,,"72494"
"2016-09-08",19.2,13.9,22.8,0.0,,315.0,16.2,,1017.6,,"72494"
"2016-09-09",15.9,13.3,19.4,0.0,,298.0,21.2,,1016.3,,"72494"
"2016-09-10",15.3,12.8,19.4,0.0,,294.0,20.5,,1017.2,,"72494"
"2016-09-11",16.2,12.8,21.7,0.0,,248.0,13.7,,1017.2,,"72494"
"2016-09-12",15.7,12.2,18.9,0.0,,232.0,16.6,,1012.6,,"72494"
"2016-09-13",16.6,13.3,21.7,0.0,,175.0,15.8,,1012.6,,"72494"
"2016-09-14",17.9,13.3,23.3,0.0,,285.0,16.2,,1018.1,,"72494"
"2016-09-15",16.1,12.8,18.3,0.0,,290.0,24.1,,1017.3,,"72494"
"2016-09-16",14.9,12.8,20.6,0.0,,302.0,18.0,,1015.1,,"72494"
"2016-09-17",14.9,11.7,21.7,0.0,,305.0,15.8,,1015.4,,"72494"
"2016-09-18",17.5,13.3,31.1,0.0,,308.0,13.0,,1013.6,,"72494"
"2016-09-19",21.1,16.1,29.4,0.0,,319.0,13.0,,1012.8,,"72494"
"2016-09-20",18.6,14.4,22.8,0.0,,301.0,18.7,,1014.1,,"72494"
"2016-09-21",15.9,13.9,18.9,0.0,,264.0,35.3,,1014.1,,"72494"
"2016-09-22",15.7,13.3,20.0,0.0,,272.0,30.2,,1017.0,,"72494"
"2016-09-23",15.7,11.1,22.8,0.0,,284.0,19.8,,1019.9,,"72494"
"2016-09-24",18.3,14.4,27.8,0.0,,290.0,13.3,,1018.9,,"72494"
"2016-09-25",21.1,14.4,34.4,0.0,,,9.0,,1016.3,,"72494"
"2016-09-26",23.9,17.2,33.9,0.0,,331.0,9.4,,1014.4,,"72494"
"2016-09-27",23.1,13.3,26.1,0.0,,301.0,14.8,,1011.9,,"72494"
"2016-09-28",15.9,12.8,20.0,0.0,,294.0,22.3,,1012.4,,"72494"
"2016-09-29",14.3,12.2,17.2,0.0,,279.0,23.0,,1017.7,,"72494"
"2016-09-30",14.2,12.2,18.3,0.0,,263.0,27.0,,1019.7,,"72494"
"2016-10-01",15.6,12.2,20.6,0.0,,281.0,27.7,,1019.4,,"72494"
"2016-10-02",16.2,13.3,20.0,0.0,,267.0,21.6,,1017.8,,"72494"
"2016-10-03",15.2,12.2,18.3,0.0,,157.0,8.3,,1017.9,,"72494"
"2016-10-04",17.1,13.9,21.1,0.0,,295.0,20.2,,1016.2,,"72494"
"2016-10-05",16.1,12.2,21.1,0.0,,279.0,18.0,,1017.7,,"72494"
"2016-10-06",16.5,11.7,23.9,0.0,,296.0,13.0,,1017.1,,"72494"
"2016-10-07",17.4,12.2,28.9,0.0,,305.0,9.7,,1014.9,,"72494"
"2016-10-08",20.1,13.9,28.9,0.0,,312.0,10.1,,1012.6,,"72494"
"2016-10-09",19.2,11.7,26.7,0.0,,314.0,13.7,,1013.8,,"72494"
"2016-10-10",14.9,11.1,21.7,0.0,,275.0,16.9,,1014.8,,"72494"
"2016-10-11",16.2,12.8,20.0,0.0,,235.0,14.8,,1017.4,,"72494"
"2016-10-12",14.5,12.8,15.6,0.0,,,10.1,,,,"72494"
"2016-10-13",15.8,12.8,22.2,0.0,,175.0,11.2,,,,"72494"
"2016-10-14",18.4,14.4,20.0,5.8,,199.0,20.9,,,,"72494"
"2016-10-15",17.2,13.3,22.2,10.2,,204.0,20.2,,,,"72494"
"2016-10-16",17.7,16.7,18.9,17.0,,211.0,16.9,,1009.5,,"72494"
"2016-10-17",17.4,14.4,20.6,0.0,,258.0,15.1,,1016.2,,"72494"
"2016-10-18",16.0,13.3,20.6,0.0,,288.0,15.1,,1020.9,,"72494"
"2016-10-19",16.3,11.7,23.3,0.0,,298.0,9.0,,1021.3,,"72494"
"2016-10-20",17.3,12.2,25.6,0.0,,,8.3,,1018.9,,"72494"
"2016-10-21",17.8,13.9,22.8,0.0,,287.0,18.0,,1014.1,,"72494"
"2016-10-22",16.0,13.3,19.4,0.0,,287.0,19.8,,1012.1,,"72494"
"2016-10-23",14.8,10.6,18.9,0.0,,252.0,16.6,,1012.7,,"72494"
"2016-10-24",17.2,15.6,20.6,0.8,,162.0,24.5,,1014.1,,"72494"
"2016-10-25",18.0,16.7,21.7,1.0,,157.0,20.9,,1016.4,,"72494"
"2016-10-26",17.9,14.4,22.2,0.0,,267.0,9.0,,1016.2,,"72494"
"2016-10-27",17.4,15.6,18.3,14.7,,100.0,7.9,,1014.1,,"72494"
"2016-10-28",17.2,16.1,19.4,6.6,,175.0,12.2,,1012.2,,"72494"
"2016-10-29",18.1,16.1,21.1,0.5,,166.0,12.6,,1013.7,,"72494"
"2016-10-30",17.3,13.9,19.4,13.2,,194.0,18.7,,1012.2,,"72494"
"2016-10-31",15.8,12.2,18.9,0.8,,163.0,13.3,,1017.3,,"72494"
"2016-11-01",16.0,11.7,17.8,0.5,,270.0,14.0,,1018.4,,"72494"
"2016-11-02",14.2,10.6,20.6,0.0,,250.0,7.9,,1021.5,,"72494"
"2016-11-03",15.8,11.7,21.7,0.0,,,4.7,,1020.7,,"72494"
"2016-11-04",17.1,12.8,22.2,0.0,,204.0,9.0,,1019.7,,"72494"
"2016-11-05",15.7,11.7,18.9,0.0,,260.0,10.1,,1019.0,,"72494"
"2016-11-06",17.1,15.6,19.4,0.0,,352.0,7.9,,1019.1,,"72494"
"2016-11-07",16.8,13.9,20.6,0.0,,,3.2,,1020.3,,"72494"
"2016-11-08",18.2,13.9,22.2,0.0,,,9.4,,1020.1,,"72494"
"2016-11-09",17.8,13.9,23.9,0.0,,,5.8,,1018.4,,"72494"
"2016-11-10",18.2,13.9,22.8,0.0,,,5.0,,1017.0,,"72494"
"2016-11-11",17.7,13.9,20.6,0.0,,309.0,8.6,,1017.5,,"72494"
"2016-11-12",17.9,13.9,21.1,0.0,,284.0,14.4,,1020.0,,"72494"
"2016-11-13",15.4,12.2,20.0,0.0,,283.0,10.4,,1021.2,,"72494"
"2016-11-14",14.9,12.2,17.2,0.0,,,11.5,,1021.1,,"72494"
"2016-11-15",15.2,13.3,18.3,0.0,,268.0,16.9,,1019.6,,"72494"
"2016-11-16",13.9,10.0,16.1,0.0,,286.0,23.0,,1018.9,,"72494"
"2016-11-17",11.7,7.8,16.1,0.0,,270.0,6.5,,,,"72494"
"2016-11-18",12.2,7.8,19.4,0.0,,169.0,13.0,,1016.2,,"72494"
"2016-11-19",14.7,12.8,16.1,15.0,,134.0,16.6,,1013.3,,"72494"
"2016-11-20",14.4,12.2,15.6,5.1,,48.0,10.8,,1013.3,,"72494"
"2016-11-21",13.7,11.1,16.1,0.0,,281.0,16.9,,1017.5,,"72494"
"2016-11-22",12.7,8.3,15.6,0.5,,162.0,10.8,,1021.2,,"72494"
"2016-11-23",13.3,10.0,16.1,0.8,,271.0,13.7,,1025.5,,"72494"
"2016-11-24",10.9,6.7,15.0,0.0,,216.0,7.9,,1024.8,,"72494"
"2016-11-25",10.6,7.2,14.4,0.0,,127.0,6.5,,1017.8,,"72494"
"2016-11-26",12.6,10.6,13.3,13.0,,195.0,17.3,,1011.5,,"72494"
"2016-11-27",12.3,10.6,15.0,2.8,,275.0,19.1,,1017.3,,"72494"
"2016-11-28",13.1,10.6,16.1,0.0,,292.0,17.6,,1017.2,,"72494"
"2016-11-29",11.7,6.7,16.1,0.0,,,5.4,,1019.6,,"72494"
"2016-11-30",10.9,7.2,13.3,1.5,,,6.8,,1020.1,,"72494"
"2016-03-01",9.3,6.1,13.9,20.6,"0.0",149.0,21.6,,1008.4,,"72793"
"2016-03-02",8.6,7.2,12.2,7.1,"0.0",155.0,16.2,,1013.4,,"72793"
"2016-03-03",10.6,8.9,14.4,0.8,"0.0",178.0,16.6,,1015.1,,"72793"
"2016-03-04",9.7,5.6,12.8,4.1,"0.0",162.0,8.6,,1010.2,,"72793"
"2016-03-05",10.9,8.3,17.8,4.8,"0.0",122.0,15.8,,998.5,,"72793"
"2016-03-06",11.7,6.1,15.0,4.1,"0.0",214.0,16.6,,999.7,,"72793"
"2016-03-07",7.2,4.4,10.6,5.1,"0.0",193.0,20.2,,1009.9,,"72793"
"2016-03-08",6.7,3.9,11.7,3.6,"0.0",181.0,10.8,,1014.6,,"72793"
"2016-03-09",7.6,5.6,12.8,23.6,"0.0",122.0,19.4,,1005.5,,"72793"
"2016-03-10",10.2,5.6,12.8,5.8,"0.0",182.0,24.8,,1007.8,,"72793"
"2016-03-11",7.3,2.2,15.6,8.1,"0.0",,9.7,,1004.8,,"72793"
"2016-03-12",8.4,4.4,10.0,3.8,"0.0",188.0,19.4,,1004.2,,"72793"
"2016-03-13",6.9,3.9,12.2,15.7,"0.0",155.0,24.1,,,,"72793"
"2016-03-14",5.7,3.9,8.3,6.4,"0.0",192.0,24.8,,1011.6,,"72793"
"2016-03-15",5.6,3.3,10.0,0.0,"0.0",202.0,16.9,,1023.9,,"72793"
"2016-03-16",7.1,3.9,11.7,0.0,"0.0",0.0,9.7,,1027.6,,"72793"
"2016-03-17",6.6,1.1,13.9,0.0,"0.0",16.0,18.7,,1026.2,,"72793"
"2016-03-18",11.4,8.3,17.2,0.0,"0.0",96.0,23.4,,1018.6,,"72793"
"2016-03-19",12.6,10.0,16.1,0.0,"0.0",,7.2,,1016.8,,"72793"
"2016-03-20",11.3,8.9,12.2,4.3,"0.0",,7.6,,1010.8,,"72793"
"2016-03-21",9.8,7.8,12.8,8.6,"0.0",165.0,11.9,,1008.7,,"72793"
"2016-03-22",8.8,6.7,12.8,0.0,"0.0",203.0,19.4,,1017.5,,"72793"
"2016-03-23",9.1,7.2,10.6,5.8,"0.0",184.0,19.8,,1023.0,,"72793"
"2016-03-24",8.3,6.1,11.1,0.0,"0.0",211.0,24.1,,1021.8,,"72793"
"2016-03-25",8.4,6.1,13.3,0.0,"0.0",263.0,10.1,,1023.6,,"72793"
"2016-03-26",9.4,5.6,14.4,3.3,"0.0",184.0,7.6,,1017.4,,"72793"
"2016-03-27",10.2,4.4,12.8,4.6,"0.0",179.0,23.4,,1015.8,,"72793"
"2016-03-28",6.7,3.3,12.8,0.0,"0.0",,9.0,,1022.7,,"72793"
"2016-03-29",9.2,4.4,17.2,0.0,"0.0",22.0,15.5,,1021.4,,"72793"
"2016-03-30",12.1,5.6,20.0,0.0,"0.0",,7.2,,1019.1,,"72793"
"2016-03-31",14.4,8.3,21.7,0.0,"0.0",,5.0,,1020.0,,"72793"
"2016-04-01",14.9,8.9,21.7,0.0,"0.0",,6.8,,1021.9,,"72793"
"2016-04-02",12.4,7.8,16.7,0.0,"0.0",,9.4,,1021.6,,"72793"
"2016-04-03",12.2,7.2,20.0,4.1,"0.0",,9.4,,1017.6,,"72793"
"2016-04-04",12.4,7.2,14.4,0.8,"0.0",203.0,25.2,,1023.5,,"72793"
"2016-04-05",9.5,6.7,13.3,0.0,"0.0",191.0,13.7,,1033.9,,"72793"
"2016-04-06",11.5,6.7,20.6,0.0,"0.0",22.0,14.0,,1029.6,,"72793"
"2016-04-07",14.9,10.0,25.6,0.0,"0.0",346.0,15.1,,1016.6,,"72793"
"2016-04-08",17.3,10.0,24.4,0.0,"0.0",,12.2,,1012.3,,"72793"
"2016-04-09",13.3,8.3,17.8,0.0,"0.0",215.0,7.9,,1011.5,,"72793"
"2016-04-10",11.4,7.8,14.4,0.0,"0.0",210.0,12.2,,1014.8,,"72793"
"2016-04-11",11.2,8.9,14.4,0.0,"0.0",212.0,11.9,,1019.7,,"72793"
"2016-04-12",11.2,6.7,13.9,8.1,"0.0",197.0,15.8,,1020.1,,"72793"
"2016-04-13",8.8,6.7,14.4,2.5,"0.0",168.0,9.7,,1016.2,,"72793"
"2016-04-14",10.6,6.7,15.0,3.8,"0.0",336.0,11.2,,1009.7,,"72793"
"2016-04-15",10.8,8.3,15.0,0.0,"0.0",193.0,11.5,,1025.7,,"72793"
"2016-04-16",11.8,6.7,19.4,0.0,"0.0",,8.6,,1027.6,,"72793"
"2016-04-17",15.7,8.9,26.7,0.0,"0.0",0.0,14.0,,1023.1,,"72793"
"2016-04-18",21.1,12.2,31.7,0.0,"0.0",,8.3,,1018.7,,"72793"
"2016-04-19",21.7,13.3,28.9,0.0,"0.0",,7.9,,1015.3,,"72793"
"2016-04-20",19.7,11.7,27.2,0.0,"0.0",,8.6,,1010.5,,"72793"
"2016-04-21",16.8,10.6,22.2,0.0,"0.0",197.0,12.6,,1009.0,,"72793"
"2016-04-22",15.3,11.1,16.7,0.0,"0.0",201.0,15.5,,1007.4,,"72793"
"2016-04-23",13.1,10.6,17.8,0.3,"0.0",198.0,18.4,,1017.0,,"72793"
"2016-04-24",11.2,7.8,12.8,7.6,"0.0",157.0,14.8,,1018.8,,"72793"
"2016-04-25",8.9,6.7,15.0,2.8,"0.0",192.0,8.6,,1023.3,,"72793"
"2016-04-26",10.4,6.1,15.0,0.0,"0.0",,7.9,,1020.4,,"72793"
"2016-04-27",11.7,8.9,17.2,0.0,"0.0",,7.6,,1017.2,,"72793"
"2016-04-28",12.8,10.0,17.2,0.0,"0.0",214.0,9.4,,1019.7,,"72793"
"2016-04-29",11.7,8.9,16.1,0.3,"0.0",,7.2,,1021.1,,"72793"
"2016-04-30",12.6,7.2,19.4,0.0,"0.0",,10.8,,1027.5,,"72793"
"2016-05-01",16.3,10.0,26.1,0.0,"0.0",9.0,15.8,,1020.4,,"72793"
"2016-05-02",21.6,12.2,30.6,0.0,"0.0",274.0,7.9,,1014.5,,"72793"
"2016-05-03",19.4,13.3,22.2,0.0,"0.0",,10.4,,1017.6,,"72793"
"2016-05-04",14.2,11.1,15.6,0.0,"0.0",11.0,14.4,,1018.4,,"72793"
"2016-05-05",13.8,8.9,20.0,0.0,"0.0",9.0,14.4,,1017.6,,"72793"
"2016-05-06",17.1,10.0,25.0,0.0,"0.0",13.0,16.9,,1017.9,,"72793"
"2016-05-07",19.6,11.1,27.8,0.0,"0.0",,10.8,,1013.6,,"72793"
"2016-05-08",15.4,8.9,18.9,0.8,"0.0",206.0,15.8,,1015.0,,"72793"
"2016-05-09",12.2,7.8,19.4,0.0,"0.0",218.0,9.4,,1020.0,,"72793"
"2016-05-10",15.6,8.3,23.9,0.0,"0.0",1.0,10.8,,1023.9,,"72793"
"2016-05-11",18.4,11.1,26.7,0.0,"0.0",196.0,9.0,,1018.5,,"72793"
"2016-05-12",17.8,9.4,24.4,0.0,"0.0",,7.9,,1016.7,,"72793"
"2016-05-13",18.5,10.0,28.9,0.0,"0.0",337.0,14.8,,1015.1,,"72793"
"2016-05-14",16.2,11.7,14.4,0.5,"0.0",209.0,11.2,,1015.2,,"72793"
"2016-05-15",12.4,11.1,13.3,0.5,"0.0",175.0,9.7,,1017.4,,"72793"
"2016-05-16",12.3,10.0,15.0,1.5,"0.0",339.0,8.3,,1023.5,,"72793"
"2016-05-17",14.7,10.6,20.6,0.0,"0.0",353.0,12.6,,1025.1,,"72793"
"2016-05-18",15.5,10.6,18.3,0.0,"0.0",242.0,10.8,,1019.1,,"72793"
"2016-05-19",12.2,8.9,17.2,12.7,"0.0",173.0,15.1,,1013.6,,"72793"
"2016-05-20",12.2,9.4,18.9,0.0,"0.0",300.0,11.9,,1010.4,,"72793"
"2016-05-21",13.4,10.0,14.4,5.3,"0.0",209.0,15.5,,1010.2,,"72793"
"2016-05-22",13.2,11.1,18.9,0.0,"0.0",207.0,19.8,,1013.8,,"72793"
"2016-05-23",14.2,11.7,18.9,0.0,"0.0",197.0,10.8,,1014.5,,"72793"
"2016-05-24",15.0,12.8,18.9,0.0,"0.0",304.0,7.2,,1016.0,,"72793"
"2016-05-25",14.8,11.7,18.3,0.0,"0.0",220.0,14.4,,1021.2,,"72793"
"2016-05-26",12.8,10.6,16.7,0.0,"0.0",203.0,16.9,,1022.7,,"72793"
"2016-05-27",12.7,9.4,17.8,0.0,"0.0",223.0,15.5,,1021.4,,"72793"
"2016-05-28",12.6,9.4,16.7,2.5,"0.0",193.0,16.2,,1019.2,,"72793"
"2016-05-29",13.3,11.1,17.8,0.0,"0.0",79.0,17.3,,1021.2,,"72793"
"2016-05-30",14.7,8.9,22.2,0.0,"0.0",4.0,15.5,,1025.4,,"72793"
"2016-05-31",18.2,11.1,26.7,0.0,"0.0",347.0,10.4,,1018.9,,"72793"
"2016-06-01",19.2,12.8,23.3,1.0,"0.0",229.0,12.6,,1014.7,,"72793"
"2016-06-02",17.3,14.4,21.1,0.3,"0.0",212.0,17.3,,1018.7,,"72793"
"2016-06-03",18.4,13.3,27.8,0.0,"0.0",303.0,13.0,,1024.0,,"72793"
"2016-06-04",21.9,16.7,29.4,0.0,"0.0",4.0,19.8,,1018.6,,"72793"
"2016-06-05",24.7,17.8,33.9,0.0,"0.0",351.0,12.2,,1013.0,,"72793"
"2016-06-06",25.1,16.7,31.1,0.0,"0.0",328.0,12.2,,1013.0,,"72793"
"2016-06-07",22.5,15.0,28.9,0.0,"0.0",319.0,11.2,,1010.5,,"72793"
"2016-06-08",18.4,12.8,19.4,0.3,"0.0",237.0,17.3,,1012.0,,"72793"
"2016-06-09",14.4,10.6,17.8,3.3,"0.0",191.0,11.5,,1014.4,,"72793"
"2016-06-10",13.6,9.4,18.3,4.6,"0.0",196.0,15.8,,1016.4,,"72793"
"2016-06-11",12.8,10.0,19.4,0.0,"0.0",215.0,11.5,,1023.7,,"72793"
"2016-06-12",15.4,11.7,21.1,0.0,"0.0",324.0,11.5,,1024.9,,"72793"
"2016-06-13",15.1,9.4,18.3,0.0,"0.0",211.0,19.8,,1017.1,,"72793"
"2016-06-14",12.3,8.3,15.6,0.5,"0.0",189.0,22.0,,1014.6,,"72793"
"2016-06-15",11.6,6.7,18.9,0.0,"0.0",191.0,11.5,,1014.7,,"72793"
"2016-06-16",14.3,10.6,21.1,0.0,"0.0",203.0,12.2,,1018.7,,"72793"
"2016-06-17",15.3,10.0,20.6,3.6,"0.0",357.0,12.2,,1020.9,,"72793"
"2016-06-18",13.4,11.1,18.9,0.0,"0.0",228.0,15.1,,1021.9,,"72793"
"2016-06-19",14.5,8.9,22.2,0.0,"0.0",24.0,17.3,,1028.3,,"72793"
"2016-06-20",16.7,12.8,23.9,14.0,"0.0",303.0,13.7,,1022.3,,"72793"
"2016-06-21",16.8,12.2,21.7,0.0,"0.0",222.0,15.5,,1024.9,,"72793"
"2016-06-22",17.2,12.8,23.9,0.0,"0.0",,7.9,,1018.8,,"72793"
"2016-06-23",16.2,11.7,20.0,8.9,"0.0",190.0,14.0,,1017.1,,"72793"
"2016-06-24",14.2,11.1,20.6,8.6,"0.0",201.0,15.5,,1023.2,,"72793"
"2016-06-25",16.2,13.3,22.2,0.0,"0.0",327.0,13.3,,1025.6,,"72793"
"2016-06-26",18.5,13.3,26.7,0.0,"0.0",2.0,17.6,,1022.5,,"72793"
"2016-06-27",21.7,14.4,29.4,0.0,"0.0",291.0,9.4,,1021.2,,"72793"
"2016-06-28",18.3,12.2,24.4,0.0,"0.0",214.0,10.8,,1022.8,,"72793"
"2016-06-29",17.0,12.8,22.2,0.0,"0.0",215.0,9.7,,1023.0,,"72793"
"2016-06-30",16.7,12.8,22.8,0.0,"0.0",249.0,7.6,,1023.4,,"72793"
"2016-07-01",17.2,12.8,23.9,0.0,"0.0",262.0,9.7,,1020.3,,"72793"
"2016-07-02",19.4,13.9,23.9,0.0,"0.0",288.0,11.5,,1017.9,,"72793"
"2016-07-03",16.5,13.3,21.7,0.0,"0.0",221.0,9.4,,1020.7,,"72793"
"2016-07-04",16.6,13.3,20.6,0.0,"0.0",194.0,12.2,,1021.5,,"72793"
"2016-07-05",15.3,12.8,19.4,0.0,"0.0",204.0,7.6,,1020.5,,"72793"
"2016-07-06",16.7,13.3,24.4,0.3,"0.0",294.0,9.4,,1018.1,,"72793"
"2016-07-07",18.4,14.4,20.0,3.0,"0.0",217.0,10.8,,1014.3,,"72793"
"2016-07-08",16.8,14.4,22.2,6.1,"0.0",219.0,13.0,,1013.0,,"72793"
"2016-07-09",16.9,13.3,21.7,0.3,"0.0",233.0,11.2,,1015.6,,"72793"
"2016-07-10",17.1,13.3,22.8,0.0,"0.0",269.0,9.0,,1017.3,,"72793"
"2016-07-11",17.1,13.9,22.8,0.0,"0.0",210.0,13.0,,1018.7,,"72793"
"2016-07-12",18.6,15.0,24.4,0.0,"0.0",241.0,12.2,,1017.5,,"72793"
"2016-07-13",18.1,13.9,23.3,0.0,"0.0",,11.2,,1024.0,,"72793"
"2016-07-14",19.1,13.9,24.4,0.0,"0.0",353.0,13.0,,1023.8,,"72793"
"2016-07-15",18.3,13.3,24.4,0.0,"0.0",243.0,11.9,,1021.7,,"72793"
"2016-07-16",17.9,13.9,22.8,0.0,"0.0",228.0,10.4,,1018.9,,"72793"
"2016-07-17",18.7,14.4,26.1,0.0,"0.0",258.0,7.6,,1015.4,,"72793"
"2016-07-18",18.6,15.6,21.7,0.3,"0.0",220.0,10.8,,1016.4,,"72793"
"2016-07-19",18.8,15.6,25.0,0.0,"0.0",213.0,10.1,,1019.7,,"72793"
"2016-07-20",20.0,15.6,26.7,0.0,"0.0",,9.4,,1020.3,,"72793"
"2016-07-21",21.3,14.4,28.9,0.0,"0.0",352.0,15.1,,1018.1,,"72793"
"2016-07-22",19.4,15.0,22.8,8.4,"0.0",212.0,13.3,,1024.0,,"72793"
"2016-07-23",17.2,14.4,22.8,0.0,"0.0",300.0,8.3,,1025.3,,"72793"
"2016-07-24",19.3,14.4,27.2,0.0,"0.0",349.0,15.5,,1020.1,,"72793"
"2016-07-25",22.0,15.0,30.0,0.0,"0.0",315.0,10.1,,1018.4,,"72793"
"2016-07-26",19.7,15.0,25.6,0.0,"0.0",249.0,7.9,,1021.0,,"72793"
"2016-07-27",20.1,13.3,28.9,0.0,"0.0",304.0,11.5,,1020.4,,"72793"
"2016-07-28",23.6,16.1,31.1,0.0,"0.0",357.0,13.3,,1019.5,,"72793"
"2016-07-29",24.6,16.7,31.7,0.0,"0.0",346.0,13.0,,1015.6,,"72793"
"2016-07-30",20.4,13.9,23.9,0.0,"0.0",226.0,14.8,,1014.7,,"72793"
"2016-07-31",17.4,13.3,22.2,0.0,"0.0",218.0,12.2,,1018.1,,"72793"
"2016-08-01",16.3,11.7,25.0,0.0,"0.0",220.0,9.4,,1018.9,,"72793"
"2016-08-02",17.2,13.9,21.7,3.3,"0.0",232.0,13.0,,1021.1,,"72793"
"2016-08-03",17.3,14.4,24.4,0.0,"0.0",276.0,11.2,,1024.8,,"72793"
"2016-08-04",20.2,13.3,27.8,0.0,"0.0",359.0,16.2,,1018.3,,"72793"
"2016-08-05",20.2,13.9,26.1,0.0,"0.0",234.0,10.4,,1014.0,,"72793"
"2016-08-06",16.6,12.2,21.7,0.0,"0.0",188.0,9.4,,1015.6,,"72793"
"2016-08-07",16.5,13.9,20.6,0.8,"0.0",203.0,11.5,,1014.2,,"72793"
"2016-08-08",16.0,13.3,22.8,0.0,"0.0",257.0,10.4,,1015.7,,"72793"
"2016-08-09",17.4,14.4,21.7,0.0,"0.0",218.0,10.1,,1017.1,,"72793"
"2016-08-10",17.9,14.4,24.4,0.0,"0.0",293.0,9.7,,1019.1,,"72793"
"2016-08-11",20.3,14.4,27.2,0.0,"0.0",1.0,13.7,,1020.1,,"72793"
"2016-08-12",23.2,17.2,32.2,0.0,"0.0",357.0,11.9,,1018.6,,"72793"
"2016-08-13",24.8,17.8,32.8,0.0,"0.0",322.0,9.4,,1016.3,,"72793"
"2016-08-14",22.6,13.9,29.4,0.0,"0.0",312.0,10.8,,1016.9,,"72793"
"2016-08-15",21.6,13.9,28.3,0.0,"0.0",293.0,8.6,,1019.0,,"72793"
"2016-08-16",19.3,13.3,28.3,0.0,"0.0",282.0,9.7,,1019.8,,"72793"
"2016-08-17",20.6,13.3,26.7,0.0,"0.0",311.0,11.9,,1018.9,,"72793"
"2016-08-18",22.6,15.6,30.6,0.0,"0.0",19.0,15.5,,1017.0,,"72793"
"2016-08-19",27.0,20.6,35.0,0.0,"0.0",9.0,18.7,,1015.4,,"72793"
"2016-08-20",25.8,16.7,32.8,0.0,"0.0",,6.8,,1012.6,,"72793"
"2016-08-21",20.6,13.9,22.8,0.0,"0.0",218.0,17.3,,1012.9,,"72793"
"2016-08-22",16.5,12.8,22.2,0.0,"0.0",237.0,10.1,,1019.0,,"72793"
"2016-08-23",18.7,12.2,26.7,0.0,"0.0",,11.5,,1022.3,,"72793"
"2016-08-24",21.7,14.4,29.4,0.0,"0.0",17.0,12.2,,1022.9,,"72793"
"2016-08-25",24.3,16.1,32.8,0.0,"0.0",9.0,11.5,,1018.9,,"72793"
"2016-08-26",25.1,17.8,33.3,0.0,"0.0",293.0,6.8,,1013.2,,"72793"
"2016-08-27",22.1,14.4,22.8,0.0,"0.0",214.0,18.4,,1012.2,,"72793"
"2016-08-28",16.6,12.8,21.1,0.0,"0.0",236.0,8.3,,1018.8,,"72793"
"2016-08-29",16.9,11.7,26.1,0.0,"0.0",,6.1,,1017.5,,"72793"
"2016-08-30",18.0,13.3,21.7,0.0,"0.0",198.0,13.0,,1017.2,,"72793"
"2016-08-31",17.0,14.4,20.6,0.3,"0.0",173.0,13.0,,1016.0,,"72793"
"2016-09-01",16.7,13.3,18.9,4.3,"0.0",185.0,13.0,,1016.6,,"72793"
"2016-09-02",15.5,12.8,20.6,1.3,"0.0",198.0,18.0,,1015.5,,"72793"
"2016-09-03",15.5,12.2,20.6,0.0,"0.0",250.0,11.9,,1016.9,,"72793"
"2016-09-04",15.1,10.6,21.1,0.0,"0.0",286.0,7.6,,1016.3,,"72793"
"2016-09-05",15.2,12.2,17.8,0.3,"0.0",211.0,11.9,,1017.1,,"72793"
"2016-09-06",15.2,12.8,18.3,10.7,"0.0",265.0,6.1,,1015.8,,"72793"
"2016-09-07",16.2,13.9,18.9,1.0,"0.0",214.0,13.3,,1021.3,,"72793"
"2016-09-08",16.0,12.8,21.1,0.8,"0.0",227.0,11.9,,1024.7,,"72793"
"2016-09-09",15.9,10.0,22.8,0.0,"0.0",338.0,9.0,,1027.0,,"72793"
"2016-09-10",17.9,12.2,25.0,0.0,"0.0",306.0,6.8,,1020.9,,"72793"
"2016-09-11",16.9,12.8,21.1,0.0,"0.0",291.0,10.8,,1021.4,,"72793"
"2016-09-12",16.7,12.2,23.9,0.0,"0.0",16.0,18.7,,1022.1,,"72793"
"2016-09-13",18.1,10.6,25.0,0.0,"0.0",15.0,11.5,,1017.8,,"72793"
"2016-09-14",17.9,10.6,25.6,0.0,"0.0",176.0,9.4,,1018.0,,"72793"
"2016-09-15",15.9,11.1,22.2,0.0,"0.0",257.0,6.8,,1021.9,,"72793"
"2016-09-16",16.3,11.1,23.3,0.0,"0.0",190.0,7.6,,1018.3,,"72793"
"2016-09-17",16.5,13.9,19.4,5.6,"0.0",195.0,19.1,,1014.3,,"72793"
"2016-09-18",15.2,12.2,20.0,0.0,"0.0",191.0,12.6,,1018.4,,"72793"
"2016-09-19",15.9,11.7,20.0,2.0,"0.0",193.0,18.4,,1019.6,,"72793"
"2016-09-20",14.3,9.4,19.4,0.0,"0.0",335.0,10.8,,1020.9,,"72793"
"2016-09-21",14.2,11.1,20.0,0.0,"0.0",17.0,13.7,,1018.1,,"72793"
"2016-09-22",14.1,9.4,18.3,0.0,"0.0",190.0,12.6,,1017.6,,"72793"
"2016-09-23",13.6,11.7,17.2,0.3,"0.0",176.0,16.9,,1018.7,,"72793"
"2016-09-24",14.4,11.7,18.9,0.0,"0.0",241.0,7.2,,1028.0,,"72793"
"2016-09-25",17.9,14.4,24.4,0.0,"0.0",,9.4,,1028.5,,"72793"
"2016-09-26",17.6,11.7,25.0,0.0,"0.0",334.0,9.4,,1020.2,,"72793"
"2016-09-27",18.8,12.2,20.6,0.5,"0.0",11.0,16.9,,1021.7,,"72793"
"2016-09-28",14.5,11.1,19.4,0.0,"0.0",25.0,12.6,,1019.7,,"72793"
"2016-09-29",14.0,8.3,18.9,0.0,"0.0",9.0,8.3,,1018.9,,"72793"
"2016-09-30",12.8,7.8,18.3,0.0,"0.0",195.0,8.6,,1017.2,,"72793"
"2016-10-01",13.4,10.0,17.2,1.3,"0.0",158.0,11.9,,1015.4,,"72793"
"2016-10-02",13.1,10.0,17.2,0.0,"0.0",,6.5,,,,"72793"
"2016-10-03",12.8,9.4,15.6,0.0,"0.0",212.0,11.2,,1013.4,,"72793"
"2016-10-04",12.6,11.1,15.6,3.3,"0.0",160.0,15.5,,1011.8,,"72793"
"2016-10-05",13.4,11.1,18.3,1.0,"0.0",301.0,9.0,,1013.6,,"72793"
"2016-10-06",14.0,11.7,16.7,7.9,"0.0",193.0,15.5,,1018.0,,"72793"
"2016-10-07",13.3,11.7,17.2,2.8,"0.0",192.0,18.4,,1015.3,,"72793"
"2016-10-08",14.0,11.1,18.3,15.5,"0.0",171.0,18.7,,1012.9,,"72793"
"2016-10-09",13.1,8.9,13.3,1.5,"0.0",333.0,9.7,,1015.6,,"72793"
"2016-10-10",10.5,7.2,15.6,0.0,"0.0",,9.0,,1018.6,,"72793"
"2016-10-11",10.4,6.1,16.7,0.0,"0.0",5.0,13.0,,1022.2,,"72793"
"2016-10-12",12.2,6.1,18.9,0.3,"0.0",162.0,6.1,,1017.3,,"72793"
"2016-10-13",12.6,10.6,15.0,44.5,"0.0",122.0,17.3,,1001.7,,"72793"
"2016-10-14",12.4,10.0,13.9,34.5,"0.0",178.0,25.6,,997.0,,"72793"
"2016-10-15",11.3,10.0,16.7,18.5,"0.0",137.0,23.0,,995.1,,"72793"
"2016-10-16",12.2,10.0,15.6,14.2,"0.0",190.0,13.3,,996.1,,"72793"
"2016-10-17",11.4,10.0,15.0,4.3,"0.0",182.0,15.8,,1004.3,,"72793"
"2016-10-18",11.4,9.4,14.4,2.0,"0.0",181.0,17.3,,1018.3,,"72793"
"2016-10-19",10.8,7.2,14.4,5.6,"0.0",189.0,7.9,,1025.5,,"72793"
"2016-10-20",11.8,10.0,15.6,30.2,"0.0",213.0,13.7,,1018.3,,"72793"
"2016-10-21",11.5,8.9,13.9,0.5,"0.0",174.0,11.9,,1016.6,,"72793"
"2016-10-22",10.8,6.7,16.7,1.3,"0.0",,5.4,,1013.7,,"72793"
"2016-10-23",12.6,9.4,16.7,3.0,"0.0",17.0,10.1,,1011.5,,"72793"
"2016-10-24",13.4,10.6,17.2,2.5,"0.0",178.0,12.2,,1005.2,,"72793"
"2016-10-25",12.9,10.0,17.2,0.0,"0.0",158.0,18.0,,1014.0,,"72793"
"2016-10-26",13.0,11.1,14.4,31.2,"0.0",102.0,13.0,,1011.0,,"72793"
"2016-10-27",12.7,11.1,14.4,1.0,"0.0",166.0,11.5,,1011.8,,"72793"
"2016-10-28",13.1,10.0,19.4,0.0,"0.0",111.0,12.2,,1013.6,,"72793"
"2016-10-29",13.5,8.9,15.6,4.8,"0.0",124.0,7.9,,1013.2,,"72793"
"2016-10-30",10.0,6.7,11.1,6.6,"0.0",14.0,11.2,,1006.4,,"72793"
"2016-10-31",11.0,9.4,13.9,16.8,"0.0",161.0,16.2,,1007.5,,"72793"
"2016-11-01",10.9,10.0,13.3,5.6,"0.0",180.0,14.8,,1013.9,,"72793"
"2016-11-02",11.9,10.6,13.3,11.7,"0.0",139.0,11.9,,1017.4,,"72793"
"2016-11-03",12.3,8.9,18.3,0.0,"0.0",190.0,7.2,,1024.1,,"72793"
"2016-11-04",11.5,5.6,17.2,0.0,"0.0",161.0,6.5,,1017.4,,"72793"
"2016-11-05",13.7,10.6,15.6,33.3,"0.0",183.0,11.2,,1012.6,,"72793"
"2016-11-06",11.8,8.9,15.6,3.0,"0.0",175.0,11.5,,1016.4,,"72793"
"2016-11-07",13.1,10.0,18.9,1.0,"0.0",135.0,7.9,,1019.8,,"72793"
"2016-11-08",14.2,9.4,21.1,0.0,"0.0",166.0,9.0,,1018.8,,"72793"
"2016-11-09",14.6,10.6,17.8,6.1,"0.0",127.0,10.8,,1021.4,,"72793"
"2016-11-10",12.3,7.2,16.7,0.0,"0.0",,6.1,,1018.4,,"72793"
"2016-11-11",13.7,11.1,16.1,0.0,"0.0",,4.0,,1014.2,,"72793"
"2016-11-12",13.7,8.9,14.4,2.5,"0.0",190.0,20.9,,1016.1,,"72793"
"2016-11-13",10.4,8.3,12.2,6.1,"0.0",158.0,13.0,,1019.3,,"72793"
"2016-11-14",11.7,10.0,13.9,7.9,"0.0",208.0,9.4,,1016.2,,"72793"
"2016-11-15",10.5,7.8,12.2,27.4,"0.0",209.0,17.6,,1010.2,,"72793"
"2016-11-16",7.9,6.1,10.0,5.1,"0.0",197.0,10.4,,1017.5,,"72793"
"2016-11-17",7.6,5.0,10.6,0.0,"0.0",148.0,6.8,,1021.9,,"72793"
"2016-11-18",7.9,3.9,12.2,0.0,"0.0",88.0,19.8,,1014.5,,"72793"
"2016-11-19",10.6,8.9,13.9,1.0,"0.0",108.0,16.9,,1005.9,,"72793"
"2016-11-20",11.9,8.3,13.9,0.3,"0.0",171.0,16.2,,1007.2,,"72793"
"2016-11-21",9.6,6.7,11.7,0.5,"0.0",182.0,16.2,,1015.2,,"72793"
"2016-11-22",8.4,6.1,11.7,11.4,"0.0",133.0,13.7,,1013.8,,"72793"
"2016-11-23",7.6,5.6,8.9,3.3,"0.0",183.0,18.0,,1015.9,,"72793"
"2016-11-24",8.5,7.8,10.6,16.8,"0.0",175.0,20.2,,1010.3,,"72793"
"2016-11-25",8.3,5.0,11.1,0.3,"0.0",,9.4,,1012.0,,"72793"
"2016-11-26",9.4,6.1,10.6,9.7,"0.0",83.0,10.8,,1000.5,,"72793"
"2016-11-27",6.9,5.6,8.3,8.1,"0.0",178.0,16.2,,1005.2,,"72793"
"2016-11-28",7.1,4.4,10.0,0.0,"0.0",167.0,10.1,,1012.9,,"72793"
"2016-11-29",7.6,5.0,10.6,1.0,"0.0",152.0,10.1,,1019.7,,"72793"
"2016-11-30",7.9,6.1,10.0,2.5,"0.0",185.0,22.7,,1015.9,,"72793"
